<?xml version="1.0" encoding="UTF-8"?>
<taskDefinition id="helper_form_notification_content_lookup" name="Helper Form Notification Content Lookup" schema_version="1.0" version="1">
    <author>support@kineticdata.com</author>
    <description>
        Looks up Character Field 1,13, and 14 on a specific KS_SRV_Helper record.
    </description>
    <helpurl></helpurl>
    <visible>false</visible>
    <deferrable>false</deferrable>
    <parameters>
        <parameter id="messagename" label="Message Name:" required="true"
            tooltip="The name of the message to be sent.  This is used to lookup the appropriate content in the KS_SRV_Helper form"></parameter>
		<parameter id="region" label="Region:" required="false"
            tooltip="The region (if available) of the person that the email is to be sent to"></parameter>
		<parameter id="language" label="Language:" required="false"
            tooltip="The language (if available) that the message should be sent in"></parameter>
    </parameters>

    <handler name="helper_form_notification_content_lookup" version="1">
        <infos>
            <info name="server">&lt;%= @info['server'] %&gt;</info>
            <info name="username">&lt;%= @info['username'] %&gt;</info>
            <info name="password">&lt;%= @info['password'] %&gt;</info>
            <info name="port">&lt;%= @info['port'] %&gt;</info>
            <info name="prognum">&lt;%= @info['prognum'] %&gt;</info>
            <info name="authentication">&lt;%= @info['authentication'] %&gt;</info>
            <info name="enable_debug_logging">&lt;%= @info['enable_debug_logging'] %&gt;</info>
        </infos>
        <parameters>
            <parameter name="messagename">&lt;%= @parameters['messagename'] %&gt;</parameter>
			<parameter name="region">&lt;%= @parameters['region'] %&gt;</parameter>
			<parameter name="language">&lt;%= @parameters['language'] %&gt;</parameter>
		</parameters>
        <fields>
            <field name='Index Field2'>&lt;%=@parameters['messagename']%&gt;</field>
			<field name='Index Field3'>&lt;%=@parameters['region']%&gt;</field>
			<field name='Status'>Active</field>
        </fields>
    </handler>
    <results format="xml">
			<result name="Language"/>
			<result name="Subject"/>
			<result name="Body"/>
			<result name="Recipient"/>
			<result name="Recipient Language"/>
			<result name="Recipient Type"/>
    </results>
</taskDefinition>
