<?xml version="1.0" encoding="UTF-8"?>
<taskDefinition id="kinetic_request_service_item_attribute_retrieve" name="Kinetic Request Service Item Retrieve Attribute" schema_version="1.0" version="1">
    <author>support@kineticdata.com</author>
    <description>
        This handler returns the values for the specified attribute on the specified service item template.
    </description>
    <helpurl/>
    <visible>false</visible>
    <deferrable>false</deferrable>
    <parameters>
        <parameter id="catalog_name" label="Catalog Name" required="true"
            tooltip="The catalog name of the service item this handler will query for the given attribute" />
        <parameter id="service_item_name" label="Service Item Name" required="true"
            tooltip="The name of the service item this handler will query for the given attribute" />
        <parameter id="attribute_name" label="Attribute Name" required="true"
            tooltip="The name of the attribute that this handler will query for" />
    </parameters>
    <handler name="kinetic_request_service_item_attribute_retrieve" version="1">
        <infos>
            <info name="server">&lt;%= @info['server'] %&gt;</info>
            <info name="username">&lt;%= @info['username'] %&gt;</info>
            <info name="password">&lt;%= @info['password'] %&gt;</info>
            <info name="port">&lt;%= @info['port'] %&gt;</info>
            <info name="prognum">&lt;%= @info['prognum'] %&gt;</info>
            <info name="authentication">&lt;%= @info['authentication'] %&gt;</info>
        </infos>
        <parameters>
            <parameter name="catalog_name">&lt;%= @parameters['catalog_name'] %&gt;</parameter>
            <parameter name="service_item_name">&lt;%= @parameters['service_item_name'] %&gt;</parameter>
            <parameter name="attribute_name">&lt;%= @parameters['attribute_name'] %&gt;</parameter>
        </parameters>
    </handler>
    <results format="xml">
	    <result name="Multi-Value Attribute"/>
        <result name="Attribute Value"/>
    </results>
</taskDefinition>