<?xml version="1.0" encoding="UTF-8"?>
<taskDefinition id="helper_form_notification_format_lookup" name="Helper Form Notification Format Lookup" schema_version="1.0" version="1">
    <author>support@kineticdata.com</author>
    <description>
        Looks up Character Field 1 and 2 for the indicated Helper records.
    </description>
    <helpurl></helpurl>
    <visible>false</visible>
    <deferrable>false</deferrable>
    <parameters>
        <parameter id="formatType" label="Format Type:" required="true"
            tooltip="The Format Type, ex Dates"></parameter>
    </parameters>

    <handler name="helper_form_notification_format_lookup" version="1">
        <infos>
            <info name="server">&lt;%= @info['server'] %&gt;</info>
            <info name="username">&lt;%= @info['username'] %&gt;</info>
            <info name="password">&lt;%= @info['password'] %&gt;</info>
            <info name="port">&lt;%= @info['port'] %&gt;</info>
            <info name="prognum">&lt;%= @info['prognum'] %&gt;</info>
            <info name="authentication">&lt;%= @info['authentication'] %&gt;</info>
            <info name="enable_debug_logging">&lt;%= @info['enable_debug_logging'] %&gt;</info>
        </infos>
        <parameters>
            <parameter name="formatType">&lt;%= @parameters['formatType'] %&gt;</parameter>
		</parameters>
        <fields>
            <field name='Index Field3'>&lt;%=@parameters['formatType']%&gt;</field>
			<field name='Status'>Active</field>
        </fields>
    </handler>
    <results format="xml">
			<result name="Formats"/>
    </results>
</taskDefinition>
