<?xml version="1.0" encoding="UTF-8"?>
<taskDefinition id="helper_form_language_preference_lookup" name="Helper Form Language Preference Lookup" schema_version="1.0" version="1">
    <author>support@kineticdata.com</author>
    <description>
        Looks up Character Field 1 on a specific KS_SRV_Helper record.
    </description>
    <helpurl></helpurl>
    <visible>false</visible>
    <deferrable>false</deferrable>
    <parameters>
        <parameter id="userid" label="Remedy Login ID:" required="true"
            tooltip="The user login id used to lookup the appropriate language preference in the KS_SRV_Helper form"></parameter>
    </parameters>

    <handler name="helper_form_language_preference_lookup" version="1">
        <infos>
            <info name="server">&lt;%= @info['server'] %&gt;</info>
            <info name="username">&lt;%= @info['username'] %&gt;</info>
            <info name="password">&lt;%= @info['password'] %&gt;</info>
            <info name="port">&lt;%= @info['port'] %&gt;</info>
            <info name="prognum">&lt;%= @info['prognum'] %&gt;</info>
            <info name="authentication">&lt;%= @info['authentication'] %&gt;</info>
            <info name="enable_debug_logging">&lt;%= @info['enable_debug_logging'] %&gt;</info>
        </infos>
        <parameters>
            <parameter name="userid">&lt;%= @parameters['userid'] %&gt;</parameter>
		</parameters>
        <fields>
            <field name='Index Field2'>&lt;%=@parameters['userid']%&gt;</field>
			<field name='Status'>Active</field>
        </fields>
    </handler>
    <results format="xml">
			<result name="Message"/>
			<result name="Language"/>
    </results>
</taskDefinition>
