<?xml version="1.0" encoding="UTF-8"?>
<arsystem_xml_report><xform id="KS_RQT_BridgedResourceParameter" remedy="http://www.w3.org/2000/xforms"><instance><field-info><field><name>parameter_name</name><id>760000500</id><type>CHAR</type></field><field><name>Clone_SourceInstanceID</name><id>700001046</id><type>CHAR</type></field><field><name>bridge_resource_id</name><id>760000901</id><type>CHAR</type></field><field><name>_ActionThree</name><id>700001043</id><type>CHAR</type></field><field><name>parameter_value</name><id>760000900</id><type>CHAR</type></field><field><name>instanceId</name><id>179</id><type>CHAR</type></field><field><name>model_name</name><id>760000200</id><type>CHAR</type></field><field><name>qualification_name</name><id>760000400</id><type>CHAR</type></field><field><name>Short Description</name><id>8</id><type>CHAR</type></field><field><name>Status</name><id>7</id><type>ENUM</type></field><field><name>Modified Date</name><id>6</id><type>TIME</type></field><field><name>_ActionTwo</name><id>600000043</id><type>CHAR</type></field><field><name>Last Modified By</name><id>5</id><type>CHAR</type></field><field><name>Assigned To</name><id>4</id><type>CHAR</type></field><field><name>form_id</name><id>760000804</id><type>CHAR</type></field><field><name>_ActionOne</name><id>600000042</id><type>CHAR</type></field><field><name>Create Date</name><id>3</id><type>TIME</type></field><field><name>Submitter</name><id>2</id><type>CHAR</type></field><field><name>Request ID</name><id>1</id><type>CHAR</type></field></field-info><entry id="000000000004672"><field_value id="760000500"><value>Index Field 1</value></field_value><field_value id="700001046"/><field_value id="760000901"><value>KS8d4d3e44c606673541d623be15d9bc418</value></field_value><field_value id="700001043"/><field_value id="760000900"><value>"Catalog Configuration Data"</value></field_value><field_value id="179"><value>AGfd15caa69c777d97e9e5bd14fa94f03fc</value></field_value><field_value id="760000200"><value>Data Management Console - Helper Data</value></field_value><field_value id="760000400"><value>Index 1 | Index 2 (exact match/null)</value></field_value><field_value id="8"><value>N/A</value></field_value><field_value id="7"><value>0</value></field_value><field_value id="6"><value>1409880040</value></field_value><field_value id="600000043"/><field_value id="5"><value>Demo</value></field_value><field_value id="4"/><field_value id="760000804"><value>KS91a91bd5bc038f14f5900e7231d59e923</value></field_value><field_value id="600000042"/><field_value id="3"><value>1409880040</value></field_value><field_value id="2"><value>Demo</value></field_value><field_value id="1"><value>000000000004672</value></field_value></entry><entry id="000000000004673"><field_value id="760000500"><value>Index Field 2</value></field_value><field_value id="700001046"/><field_value id="760000901"><value>KS8d4d3e44c606673541d623be15d9bc418</value></field_value><field_value id="700001043"/><field_value id="760000900"><value>"Form Language Options"</value></field_value><field_value id="179"><value>AG44aa43a0d5c77b38710266fdbd0a81b58</value></field_value><field_value id="760000200"><value>Data Management Console - Helper Data</value></field_value><field_value id="760000400"><value>Index 1 | Index 2 (exact match/null)</value></field_value><field_value id="8"><value>N/A</value></field_value><field_value id="7"><value>0</value></field_value><field_value id="6"><value>1409880060</value></field_value><field_value id="600000043"/><field_value id="5"><value>Demo</value></field_value><field_value id="4"/><field_value id="760000804"><value>KS91a91bd5bc038f14f5900e7231d59e923</value></field_value><field_value id="600000042"/><field_value id="3"><value>1409880060</value></field_value><field_value id="2"><value>Demo</value></field_value><field_value id="1"><value>000000000004673</value></field_value></entry><entry id="000000000004674"><field_value id="760000500"><value>Record Id</value></field_value><field_value id="700001046"/><field_value id="760000901"><value>IDc2562b3d7510949d25e735c9973c5914a</value></field_value><field_value id="700001043"/><field_value id="760000900"><value>&lt;FLD&gt;Helper Request I;KS14b528b30fa64118baf55044df3aed006;ANSWER&lt;/FLD&gt;</value></field_value><field_value id="179"><value>AG38c6a84f4027a5bce4e94b4cac7f2f484</value></field_value><field_value id="760000200"><value>Data Management Console - Helper Data</value></field_value><field_value id="760000400"><value>By Record Id</value></field_value><field_value id="8"><value>N/A</value></field_value><field_value id="7"><value>0</value></field_value><field_value id="6"><value>1409920178</value></field_value><field_value id="600000043"/><field_value id="5"><value>Demo</value></field_value><field_value id="4"/><field_value id="760000804"><value>KS91a91bd5bc038f14f5900e7231d59e923</value></field_value><field_value id="600000042"/><field_value id="3"><value>1409920178</value></field_value><field_value id="2"><value>Demo</value></field_value><field_value id="1"><value>000000000004674</value></field_value></entry><entry id="000000000004675"><field_value id="760000500"><value>Index Field 1</value></field_value><field_value id="700001046"/><field_value id="760000901"><value>KS321057129fac444b8c182c0e0edce11fb</value></field_value><field_value id="700001043"/><field_value id="760000900"><value>"Notification Content"</value></field_value><field_value id="179"><value>AGa4e05ad2d625bc7d6d15b7c000de152dc</value></field_value><field_value id="760000200"><value>Data Management Console - Helper Data</value></field_value><field_value id="760000400"><value>Index 1</value></field_value><field_value id="8"><value>N/A</value></field_value><field_value id="7"><value>0</value></field_value><field_value id="6"><value>1409943006</value></field_value><field_value id="600000043"/><field_value id="5"><value>Demo</value></field_value><field_value id="4"/><field_value id="760000804"><value>KS91a91bd5bc038f14f5900e7231d59e923</value></field_value><field_value id="600000042"/><field_value id="3"><value>1409943006</value></field_value><field_value id="2"><value>Demo</value></field_value><field_value id="1"><value>000000000004675</value></field_value></entry><entry id="000000000004676"><field_value id="760000500"><value>Index Field 1</value></field_value><field_value id="700001046"/><field_value id="760000901"><value>KS9419e57db5f06ead6c71772dc79a7a44a</value></field_value><field_value id="700001043"/><field_value id="760000900"><value>"Notification Scope Entity"</value></field_value><field_value id="179"><value>AGbc21d8ec44bdaf3a318eea1d8cb0a374a</value></field_value><field_value id="760000200"><value>Data Management Console - Helper Data</value></field_value><field_value id="760000400"><value>Index 1</value></field_value><field_value id="8"><value>N/A</value></field_value><field_value id="7"><value>0</value></field_value><field_value id="6"><value>1410127581</value></field_value><field_value id="600000043"/><field_value id="5"><value>Demo</value></field_value><field_value id="4"/><field_value id="760000804"><value>KS91a91bd5bc038f14f5900e7231d59e923</value></field_value><field_value id="600000042"/><field_value id="3"><value>1410127420</value></field_value><field_value id="2"><value>Demo</value></field_value><field_value id="1"><value>000000000004676</value></field_value></entry><entry id="000000000004677"><field_value id="760000500"><value>Index Field 1</value></field_value><field_value id="700001046"/><field_value id="760000901"><value>KSef32eef71c002244bff13eeb16d831884</value></field_value><field_value id="700001043"/><field_value id="760000900"><value>"Notification Scope Entity"</value></field_value><field_value id="179"><value>AG64e2b4a10d5eac549c8cb8469408b8327</value></field_value><field_value id="760000200"><value>Data Management Console - Helper Data</value></field_value><field_value id="760000400"><value>Index 1</value></field_value><field_value id="8"><value>N/A</value></field_value><field_value id="7"><value>0</value></field_value><field_value id="6"><value>1410127565</value></field_value><field_value id="600000043"/><field_value id="5"><value>Demo</value></field_value><field_value id="4"/><field_value id="760000804"><value>KS91a91bd5bc038f14f5900e7231d59e923</value></field_value><field_value id="600000042"/><field_value id="3"><value>1410127460</value></field_value><field_value id="2"><value>Demo</value></field_value><field_value id="1"><value>000000000004677</value></field_value></entry><entry id="000000000004678"><field_value id="760000500"><value>Index Field 1</value></field_value><field_value id="700001046"/><field_value id="760000901"><value>KSc25b42c5ee0e1a3ed111a6dc0b77df2b1</value></field_value><field_value id="700001043"/><field_value id="760000900"><value>"Catalog Configuration Data"</value></field_value><field_value id="179"><value>AG8427dd668ef569f6255b14f5d3eebebf7</value></field_value><field_value id="760000200"><value>Data Management Console - Helper Data</value></field_value><field_value id="760000400"><value>Index 1 | Index 2 (exact match/null)</value></field_value><field_value id="8"><value>N/A</value></field_value><field_value id="7"><value>0</value></field_value><field_value id="6"><value>1410128837</value></field_value><field_value id="600000043"/><field_value id="5"><value>Demo</value></field_value><field_value id="4"/><field_value id="760000804"><value>KS91a91bd5bc038f14f5900e7231d59e923</value></field_value><field_value id="600000042"/><field_value id="3"><value>1410128837</value></field_value><field_value id="2"><value>Demo</value></field_value><field_value id="1"><value>000000000004678</value></field_value></entry><entry id="000000000004679"><field_value id="760000500"><value>Index Field 2</value></field_value><field_value id="700001046"/><field_value id="760000901"><value>KSc25b42c5ee0e1a3ed111a6dc0b77df2b1</value></field_value><field_value id="700001043"/><field_value id="760000900"><value>"Form Language Options"</value></field_value><field_value id="179"><value>AG63f46cd0fb6c1f693ec95b24e67f8509e</value></field_value><field_value id="760000200"><value>Data Management Console - Helper Data</value></field_value><field_value id="760000400"><value>Index 1 | Index 2 (exact match/null)</value></field_value><field_value id="8"><value>N/A</value></field_value><field_value id="7"><value>0</value></field_value><field_value id="6"><value>1410128845</value></field_value><field_value id="600000043"/><field_value id="5"><value>Demo</value></field_value><field_value id="4"/><field_value id="760000804"><value>KS91a91bd5bc038f14f5900e7231d59e923</value></field_value><field_value id="600000042"/><field_value id="3"><value>1410128845</value></field_value><field_value id="2"><value>Demo</value></field_value><field_value id="1"><value>000000000004679</value></field_value></entry><entry id="000000000004680"><field_value id="760000500"><value>Index Field 1</value></field_value><field_value id="700001046"/><field_value id="760000901"><value>ID2798d1494235b5d2425eb904ac0d6667e</value></field_value><field_value id="700001043"/><field_value id="760000900"><value>"Notification Content"</value></field_value><field_value id="179"><value>AG5ad4fc24afec203523e91d2d986d34a81</value></field_value><field_value id="760000200"><value>Data Management Console - Helper Data</value></field_value><field_value id="760000400"><value>Index 1</value></field_value><field_value id="8"><value>N/A</value></field_value><field_value id="7"><value>0</value></field_value><field_value id="6"><value>1410144915</value></field_value><field_value id="600000043"/><field_value id="5"><value>Demo</value></field_value><field_value id="4"/><field_value id="760000804"><value>KS91a91bd5bc038f14f5900e7231d59e923</value></field_value><field_value id="600000042"/><field_value id="3"><value>1410144915</value></field_value><field_value id="2"><value>Demo</value></field_value><field_value id="1"><value>000000000004680</value></field_value></entry></instance></xform></arsystem_xml_report>