<?xml version="1.0" encoding="UTF-8"?>
<arsystem_xml_report><xform id="KS_RQT_BridgedResource" remedy="http://www.w3.org/2000/xforms"><instance><field-info><field><name>_ActionFour</name><id>700002000</id><type>CHAR</type></field><field><name>Clone_SourceInstanceID</name><id>700001046</id><type>CHAR</type></field><field><name>_ActionThree</name><id>700001043</id><type>CHAR</type></field><field><name>InstanceId</name><id>179</id><type>CHAR</type></field><field><name>model_name</name><id>760000200</id><type>CHAR</type></field><field><name>qualification_type</name><id>760000402</id><type>ENUM</type></field><field><name>qualification_name</name><id>760000400</id><type>CHAR</type></field><field><name>OperationID</name><id>760000809</id><type>CHAR</type></field><field><name>Short Description</name><id>8</id><type>CHAR</type></field><field><name>Status</name><id>7</id><type>ENUM</type></field><field><name>Modified Date</name><id>6</id><type>TIME</type></field><field><name>_ActionTwo</name><id>600000043</id><type>CHAR</type></field><field><name>Last Modified By</name><id>5</id><type>CHAR</type></field><field><name>form_id</name><id>760000804</id><type>CHAR</type></field><field><name>Assigned To</name><id>4</id><type>CHAR</type></field><field><name>_ActionOne</name><id>600000042</id><type>CHAR</type></field><field><name>label_attribute</name><id>760000803</id><type>CHAR</type></field><field><name>Create Date</name><id>3</id><type>TIME</type></field><field><name>value_attribute</name><id>760000802</id><type>CHAR</type></field><field><name>Submitter</name><id>2</id><type>CHAR</type></field><field><name>source_id</name><id>760000801</id><type>CHAR</type></field><field><name>Request ID</name><id>1</id><type>CHAR</type></field><field><name>source</name><id>760000800</id><type>CHAR</type></field></field-info><entry id="000000000006886"><field_value id="700002000"/><field_value id="700001046"/><field_value id="700001043"/><field_value id="179"><value>KSef32eef71c002244bff13eeb16d831884</value></field_value><field_value id="760000200"><value>Data Management Console - Helper Data</value></field_value><field_value id="760000402"><value>1</value></field_value><field_value id="760000400"><value>Index 1</value></field_value><field_value id="760000809"><value>KS000C29DAE499er0LVASJ0pMgxrkd</value></field_value><field_value id="8"><value>N/A</value></field_value><field_value id="7"><value>0</value></field_value><field_value id="6"><value>1410127569</value></field_value><field_value id="600000043"/><field_value id="5"><value>Demo</value></field_value><field_value id="760000804"><value>KS91a91bd5bc038f14f5900e7231d59e923</value></field_value><field_value id="4"/><field_value id="600000042"/><field_value id="760000803"><value>Character Field 1</value></field_value><field_value id="3"><value>1409879431</value></field_value><field_value id="760000802"><value>Character Field 1</value></field_value><field_value id="2"><value>Demo</value></field_value><field_value id="760000801"><value>KSf194a62bc6a78c7f04f1b055fbe108c86</value></field_value><field_value id="1"><value>000000000006886</value></field_value><field_value id="760000800"><value>Dynamic List</value></field_value></entry><entry id="000000000006887"><field_value id="700002000"/><field_value id="700001046"/><field_value id="700001043"/><field_value id="179"><value>KS8d4d3e44c606673541d623be15d9bc418</value></field_value><field_value id="760000200"><value>Data Management Console - Helper Data</value></field_value><field_value id="760000402"><value>1</value></field_value><field_value id="760000400"><value>Index 1 | Index 2 (exact match/null)</value></field_value><field_value id="760000809"><value>KS000C29DAE499YgIIVAisiWIwN3gU</value></field_value><field_value id="8"><value>N/A</value></field_value><field_value id="7"><value>0</value></field_value><field_value id="6"><value>1409883074</value></field_value><field_value id="600000043"/><field_value id="5"><value>Demo</value></field_value><field_value id="760000804"><value>KS91a91bd5bc038f14f5900e7231d59e923</value></field_value><field_value id="4"/><field_value id="600000042"/><field_value id="760000803"><value>Character Field 1</value></field_value><field_value id="3"><value>1409880027</value></field_value><field_value id="760000802"><value>Character Field 2</value></field_value><field_value id="2"><value>Demo</value></field_value><field_value id="760000801"><value>KS2762329287dad837885a4fb41c44fb198</value></field_value><field_value id="1"><value>000000000006887</value></field_value><field_value id="760000800"><value>Dynamic List</value></field_value></entry><entry id="000000000006888"><field_value id="700002000"/><field_value id="700001046"/><field_value id="700001043"/><field_value id="179"><value>IDc2562b3d7510949d25e735c9973c5914a</value></field_value><field_value id="760000200"><value>Data Management Console - Helper Data</value></field_value><field_value id="760000402"><value>0</value></field_value><field_value id="760000400"><value>By Record Id</value></field_value><field_value id="760000809"><value>KS000C29DAE499SJMIVAmMnMJQRrsV</value></field_value><field_value id="8"><value>N/A</value></field_value><field_value id="7"><value>0</value></field_value><field_value id="6"><value>1409920248</value></field_value><field_value id="600000043"/><field_value id="5"><value>Demo</value></field_value><field_value id="760000804"><value>KS91a91bd5bc038f14f5900e7231d59e923</value></field_value><field_value id="4"/><field_value id="600000042"/><field_value id="760000803"/><field_value id="3"><value>1409920163</value></field_value><field_value id="760000802"/><field_value id="2"><value>Demo</value></field_value><field_value id="760000801"><value>IDb690dc4cc05bf0c2f3e056d4b6060f984</value></field_value><field_value id="1"><value>000000000006888</value></field_value><field_value id="760000800"><value>Set Fields - External</value></field_value></entry><entry id="000000000006889"><field_value id="700002000"/><field_value id="700001046"/><field_value id="700001043"/><field_value id="179"><value>IDdb81a5ce5cd872043728602649024ac45</value></field_value><field_value id="760000200"><value>Notification Content</value></field_value><field_value id="760000402"><value>1</value></field_value><field_value id="760000400"><value>By Name</value></field_value><field_value id="760000809"><value>KS000C29DAE499E84IVAwHKyJgoW4W</value></field_value><field_value id="8"><value>N/A</value></field_value><field_value id="7"><value>0</value></field_value><field_value id="6"><value>1409935223</value></field_value><field_value id="600000043"/><field_value id="5"><value>Demo</value></field_value><field_value id="760000804"><value>KS91a91bd5bc038f14f5900e7231d59e923</value></field_value><field_value id="4"/><field_value id="600000042"/><field_value id="760000803"/><field_value id="3"><value>1409935212</value></field_value><field_value id="760000802"/><field_value id="2"><value>Demo</value></field_value><field_value id="760000801"><value>ID3eb5f4255d7f2069a5765694d70e9452d</value></field_value><field_value id="1"><value>000000000006889</value></field_value><field_value id="760000800"><value>Custom</value></field_value></entry><entry id="000000000006890"><field_value id="700002000"/><field_value id="700001046"/><field_value id="700001043"/><field_value id="179"><value>KS321057129fac444b8c182c0e0edce11fb</value></field_value><field_value id="760000200"><value>Data Management Console - Helper Data</value></field_value><field_value id="760000402"><value>1</value></field_value><field_value id="760000400"><value>Index 1</value></field_value><field_value id="760000809"><value>KS000C29DAE499uyELVAEj7JLw_9kb</value></field_value><field_value id="8"><value>N/A</value></field_value><field_value id="7"><value>0</value></field_value><field_value id="6"><value>1410087687</value></field_value><field_value id="600000043"/><field_value id="5"><value>Demo</value></field_value><field_value id="760000804"><value>KS91a91bd5bc038f14f5900e7231d59e923</value></field_value><field_value id="4"/><field_value id="600000042"/><field_value id="760000803"><value>Index Field 2</value></field_value><field_value id="3"><value>1409942988</value></field_value><field_value id="760000802"><value>Index Field 2</value></field_value><field_value id="2"><value>Demo</value></field_value><field_value id="760000801"><value>KS1b68692b4ac14c4c9f5ac73006101682c</value></field_value><field_value id="1"><value>000000000006890</value></field_value><field_value id="760000800"><value>Dynamic List</value></field_value></entry><entry id="000000000006891"><field_value id="700002000"/><field_value id="700001046"/><field_value id="700001043"/><field_value id="179"><value>IDe16031ed0dc2c40389849213b223442e3</value></field_value><field_value id="760000200"><value>Notification Recipient</value></field_value><field_value id="760000402"><value>1</value></field_value><field_value id="760000400"><value>By Name</value></field_value><field_value id="760000809"><value>ID000C29DAE499s4EKVAMx1YLQQV8a</value></field_value><field_value id="8"><value>N/A</value></field_value><field_value id="7"><value>0</value></field_value><field_value id="6"><value>1410046716</value></field_value><field_value id="600000043"/><field_value id="5"><value>Demo</value></field_value><field_value id="760000804"><value>KS91a91bd5bc038f14f5900e7231d59e923</value></field_value><field_value id="4"/><field_value id="600000042"/><field_value id="760000803"/><field_value id="3"><value>1410046657</value></field_value><field_value id="760000802"/><field_value id="2"><value>Demo</value></field_value><field_value id="760000801"><value>ID06ed893ccab76b5f3633a246117517bb7</value></field_value><field_value id="1"><value>000000000006891</value></field_value><field_value id="760000800"><value>Custom</value></field_value></entry><entry id="000000000006892"><field_value id="700002000"/><field_value id="700001046"/><field_value id="700001043"/><field_value id="179"><value>KS9419e57db5f06ead6c71772dc79a7a44a</value></field_value><field_value id="760000200"><value>Data Management Console - Helper Data</value></field_value><field_value id="760000402"><value>1</value></field_value><field_value id="760000400"><value>Index 1</value></field_value><field_value id="760000809"><value>KS000C29DAE499lb0LVAPwgqMg77od</value></field_value><field_value id="8"><value>N/A</value></field_value><field_value id="7"><value>0</value></field_value><field_value id="6"><value>1410127584</value></field_value><field_value id="600000043"/><field_value id="5"><value>Demo</value></field_value><field_value id="760000804"><value>KS91a91bd5bc038f14f5900e7231d59e923</value></field_value><field_value id="4"/><field_value id="600000042"/><field_value id="760000803"><value>Character Field 1</value></field_value><field_value id="3"><value>1410118515</value></field_value><field_value id="760000802"><value>Character Field 1</value></field_value><field_value id="2"><value>Demo</value></field_value><field_value id="760000801"><value>KSdf80bfb4d75a9edaa029e1bb93b939368</value></field_value><field_value id="1"><value>000000000006892</value></field_value><field_value id="760000800"><value>Dynamic List</value></field_value></entry><entry id="000000000006893"><field_value id="700002000"/><field_value id="700001046"/><field_value id="700001043"/><field_value id="179"><value>KSc25b42c5ee0e1a3ed111a6dc0b77df2b1</value></field_value><field_value id="760000200"><value>Data Management Console - Helper Data</value></field_value><field_value id="760000402"><value>1</value></field_value><field_value id="760000400"><value>Index 1 | Index 2 (exact match/null)</value></field_value><field_value id="760000809"><value>KS000C29DAE4990cYLVADBxOMgxNsd</value></field_value><field_value id="8"><value>N/A</value></field_value><field_value id="7"><value>0</value></field_value><field_value id="6"><value>1410129948</value></field_value><field_value id="600000043"/><field_value id="5"><value>Demo</value></field_value><field_value id="760000804"><value>KS91a91bd5bc038f14f5900e7231d59e923</value></field_value><field_value id="4"/><field_value id="600000042"/><field_value id="760000803"><value>Character Field 1</value></field_value><field_value id="3"><value>1410128766</value></field_value><field_value id="760000802"><value>Character Field 2</value></field_value><field_value id="2"><value>Demo</value></field_value><field_value id="760000801"><value>KS784d7249d6fd1a87391ac0b4b166de1b5</value></field_value><field_value id="1"><value>000000000006893</value></field_value><field_value id="760000800"><value>Dynamic List</value></field_value></entry><entry id="000000000006894"><field_value id="700002000"/><field_value id="700001046"/><field_value id="700001043"/><field_value id="179"><value>ID2798d1494235b5d2425eb904ac0d6667e</value></field_value><field_value id="760000200"><value>Data Management Console - Helper Data</value></field_value><field_value id="760000402"><value>1</value></field_value><field_value id="760000400"><value>Index 1</value></field_value><field_value id="760000809"><value>KS000C29DAE499AQEMVAjmcxMw-LUe</value></field_value><field_value id="8"><value>N/A</value></field_value><field_value id="7"><value>0</value></field_value><field_value id="6"><value>1410144916</value></field_value><field_value id="600000043"/><field_value id="5"><value>Demo</value></field_value><field_value id="760000804"><value>KS91a91bd5bc038f14f5900e7231d59e923</value></field_value><field_value id="4"/><field_value id="600000042"/><field_value id="760000803"><value>Index Field 2</value></field_value><field_value id="3"><value>1410144891</value></field_value><field_value id="760000802"><value>Index Field 2</value></field_value><field_value id="2"><value>Demo</value></field_value><field_value id="760000801"><value>IDf805d7ebf043c495ed4daf0896c9dc0f1</value></field_value><field_value id="1"><value>000000000006894</value></field_value><field_value id="760000800"><value>Populate Menu</value></field_value></entry></instance></xform></arsystem_xml_report>