<?xml version="1.0" encoding="UTF-8"?>
<arsystem_xml_report><xform id="KS_RQT_ServiceCatalog_base" remedy="http://www.w3.org/2000/xforms"><instance><field-info><field><name>_OrigCategoryName</name><id>700003102</id><type>CHAR</type></field><field><name>Logout_Destination</name><id>700073102</id><type>CHAR</type></field><field><name>Logout_Action</name><id>700073100</id><type>ENUM</type></field><field><name>_ActionOne</name><id>600000042</id><type>CHAR</type></field><field><name>Locale</name><id>160</id><type>CHAR</type></field><field><name>_AuditContext</name><id>600001020</id><type>CHAR</type></field><field><name>Service_Catalog_Description</name><id>702020006</id><type>CHAR</type></field><field><name>Launcher_Template_ID</name><id>702020005</id><type>CHAR</type></field><field><name>Launcher_Template</name><id>702020004</id><type>CHAR</type></field><field><name>Web_Server_URL</name><id>700001259</id><type>CHAR</type></field><field><name>_Multi-Purpose12</name><id>600000101</id><type>CHAR</type></field><field><name>Display_Page</name><id>700002301</id><type>CHAR</type></field><field><name>Short Description</name><id>8</id><type>CHAR</type></field><field><name>Status</name><id>7</id><type>ENUM</type></field><field><name>Modified Date</name><id>6</id><type>TIME</type></field><field><name>Last Modified By</name><id>5</id><type>CHAR</type></field><field><name>Assigned To</name><id>4</id><type>CHAR</type></field><field><name>Create Date</name><id>3</id><type>TIME</type></field><field><name>Submitter</name><id>2</id><type>CHAR</type></field><field><name>_Multi-Purpose10</name><id>600000099</id><type>CHAR</type></field><field><name>SurveyID</name><id>1</id><type>CHAR</type></field><field><name>_Multi-Purpose9</name><id>600000098</id><type>CHAR</type></field><field><name>_Multi-Purpose7</name><id>600000096</id><type>CHAR</type></field><field><name>_Multi-Purpose6</name><id>600000095</id><type>CHAR</type></field><field><name>_Multi-Purpose5</name><id>600000094</id><type>CHAR</type></field><field><name>_Multi-Purpose4</name><id>600000093</id><type>CHAR</type></field><field><name>_Multi-Purpose3</name><id>600000092</id><type>CHAR</type></field><field><name>_Multi-Purpose2</name><id>600000091</id><type>CHAR</type></field><field><name>_Multi-Purpose</name><id>600000090</id><type>CHAR</type></field><field><name>CategoryInstanceID</name><id>700001923</id><type>CHAR</type></field><field><name>_ActionTwo</name><id>700009350</id><type>CHAR</type></field><field><name>instanceId</name><id>179</id><type>CHAR</type></field><field><name>Type</name><id>600000600</id><type>CHAR</type></field><field><name>AssigneeGroup</name><id>112</id><type>CHAR</type></field><field><name>Default_Error_Template_ID</name><id>702030109</id><type>CHAR</type></field><field><name>Default_Error_Template</name><id>702030108</id><type>CHAR</type></field><field><name>Default_Viewer_Template_ID</name><id>702030107</id><type>CHAR</type></field><field><name>Default_Viewer_Template</name><id>702030106</id><type>CHAR</type></field><field><name>Category</name><id>600000500</id><type>CHAR</type></field></field-info><entry id="000000000003653"><field_value id="700003102"/><field_value id="700073102"/><field_value id="700073100"><value>0</value></field_value><field_value id="600000042"/><field_value id="160"/><field_value id="600001020"/><field_value id="702020006"><value>The data management package catalog holder</value></field_value><field_value id="702020005"/><field_value id="702020004"/><field_value id="700001259"><value>http://emu.kineticdata.com/kinetic/</value></field_value><field_value id="600000101"/><field_value id="700002301"><value>/displayPage.jsp</value></field_value><field_value id="8"><value>na</value></field_value><field_value id="7"><value>0</value></field_value><field_value id="6"><value>1435244809</value></field_value><field_value id="5"><value>Demo</value></field_value><field_value id="4"/><field_value id="3"><value>1377892429</value></field_value><field_value id="2"><value>Demo</value></field_value><field_value id="600000099"/><field_value id="1"><value>000000000003653</value></field_value><field_value id="600000098"/><field_value id="600000096"/><field_value id="600000095"/><field_value id="600000094"/><field_value id="600000093"/><field_value id="600000092"/><field_value id="600000091"/><field_value id="600000090"/><field_value id="700001923"><value>KR00505696001Cg8UeUgAklXPgI2t5</value></field_value><field_value id="700009350"/><field_value id="179"><value>AG00505696001CzcUeUgz2dYPg2Gt5</value></field_value><field_value id="600000600"/><field_value id="112"><value>0;</value></field_value><field_value id="702030109"/><field_value id="702030108"/><field_value id="702030107"/><field_value id="702030106"/><field_value id="600000500"><value>Data Management</value></field_value></entry></instance></xform></arsystem_xml_report>