<?xml version="1.0" encoding="UTF-8"?>
<arsystem_xml_report><xform id="KS_SRV_SurveyQuestionChoice" remedy="http://www.w3.org/2000/xforms"><instance><field-info><field><name>_Multi-Purpose12</name><id>600000101</id><type>CHAR</type></field><field><name>Label</name><id>700000820</id><type>CHAR</type></field><field><name>SurveyInstanceID</name><id>700000850</id><type>CHAR</type></field><field><name>Order</name><id>700000014</id><type>INTEGER</type></field><field><name>Score</name><id>700000013</id><type>INTEGER</type></field><field><name>_AuditContext</name><id>600001020</id><type>CHAR</type></field><field><name>Clone_SourceInstanceID</name><id>700001046</id><type>CHAR</type></field><field><name>_Multi-Purpose10</name><id>600000099</id><type>CHAR</type></field><field><name>_Multi-Purpose9</name><id>600000098</id><type>CHAR</type></field><field><name>Choice_Type</name><id>700000800</id><type>CHAR</type></field><field><name>_Multi-Purpose7</name><id>600000096</id><type>CHAR</type></field><field><name>_Multi-Purpose6</name><id>600000095</id><type>CHAR</type></field><field><name>_Multi-Purpose5</name><id>600000094</id><type>CHAR</type></field><field><name>_Multi-Purpose4</name><id>600000093</id><type>CHAR</type></field><field><name>_Multi-Purpose3</name><id>600000092</id><type>CHAR</type></field><field><name>_Multi-Purpose2</name><id>600000091</id><type>CHAR</type></field><field><name>instanceId</name><id>179</id><type>CHAR</type></field><field><name>_Multi-Purpose</name><id>600000090</id><type>CHAR</type></field><field><name>GenericChoice</name><id>600000820</id><type>ENUM</type></field><field><name>AssigneeGroup</name><id>112</id><type>CHAR</type></field><field><name>Application</name><id>700036000</id><type>CHAR</type></field><field><name>Short Description</name><id>8</id><type>CHAR</type></field><field><name>Value</name><id>700000810</id><type>CHAR</type></field><field><name>Status</name><id>7</id><type>ENUM</type></field><field><name>Modified Date</name><id>6</id><type>TIME</type></field><field><name>_ActionTwo</name><id>600000043</id><type>CHAR</type></field><field><name>Last Modified By</name><id>5</id><type>CHAR</type></field><field><name>Assigned To</name><id>4</id><type>CHAR</type></field><field><name>_ActionOne</name><id>600000042</id><type>CHAR</type></field><field><name>Create Date</name><id>3</id><type>TIME</type></field><field><name>Submitter</name><id>2</id><type>CHAR</type></field><field><name>Request ID</name><id>1</id><type>CHAR</type></field></field-info><entry id="000000000028287"><field_value id="600000101"/><field_value id="700000820"><value>Global</value></field_value><field_value id="700000850"><value>KS91a91bd5bc038f14f5900e7231d59e923</value></field_value><field_value id="700000014"><value>1</value></field_value><field_value id="700000013"><value>0</value></field_value><field_value id="600001020"/><field_value id="700001046"/><field_value id="600000099"/><field_value id="600000098"/><field_value id="700000800"><value>Global / Non Global</value></field_value><field_value id="600000096"/><field_value id="600000095"/><field_value id="600000094"/><field_value id="600000093"/><field_value id="600000092"/><field_value id="600000091"/><field_value id="179"><value>AG9b99c6eee5419c695f4bbb4322b8081ff</value></field_value><field_value id="600000090"/><field_value id="600000820"/><field_value id="112"/><field_value id="700036000"><value>Kinetic Request</value></field_value><field_value id="8"><value>na</value></field_value><field_value id="700000810"><value>Global</value></field_value><field_value id="7"><value>0</value></field_value><field_value id="6"><value>1409879273</value></field_value><field_value id="600000043"/><field_value id="5"><value>Demo</value></field_value><field_value id="4"/><field_value id="600000042"/><field_value id="3"><value>1409879273</value></field_value><field_value id="2"><value>Demo</value></field_value><field_value id="1"><value>000000000028287</value></field_value></entry><entry id="000000000028288"><field_value id="600000101"/><field_value id="700000820"><value>Non Global</value></field_value><field_value id="700000850"><value>KS91a91bd5bc038f14f5900e7231d59e923</value></field_value><field_value id="700000014"><value>2</value></field_value><field_value id="700000013"><value>0</value></field_value><field_value id="600001020"/><field_value id="700001046"/><field_value id="600000099"/><field_value id="600000098"/><field_value id="700000800"><value>Global / Non Global</value></field_value><field_value id="600000096"/><field_value id="600000095"/><field_value id="600000094"/><field_value id="600000093"/><field_value id="600000092"/><field_value id="600000091"/><field_value id="179"><value>AG11bfad584d33df7c56f40951e61926d31</value></field_value><field_value id="600000090"/><field_value id="600000820"/><field_value id="112"/><field_value id="700036000"><value>Kinetic Request</value></field_value><field_value id="8"><value>na</value></field_value><field_value id="700000810"><value>Non Global</value></field_value><field_value id="7"><value>0</value></field_value><field_value id="6"><value>1409879276</value></field_value><field_value id="600000043"/><field_value id="5"><value>Demo</value></field_value><field_value id="4"/><field_value id="600000042"/><field_value id="3"><value>1409879276</value></field_value><field_value id="2"><value>Demo</value></field_value><field_value id="1"><value>000000000028288</value></field_value></entry><entry id="000000000028289"><field_value id="600000101"/><field_value id="700000820"><value>Email Address(es)</value></field_value><field_value id="700000850"><value>KS91a91bd5bc038f14f5900e7231d59e923</value></field_value><field_value id="700000014"><value>1</value></field_value><field_value id="700000013"><value>0</value></field_value><field_value id="600001020"/><field_value id="700001046"/><field_value id="600000099"/><field_value id="600000098"/><field_value id="700000800"><value>Recipient Type</value></field_value><field_value id="600000096"/><field_value id="600000095"/><field_value id="600000094"/><field_value id="600000093"/><field_value id="600000092"/><field_value id="600000091"/><field_value id="179"><value>AG30abe47b45c39c9a6b11d9bb0bbe7a5a5</value></field_value><field_value id="600000090"/><field_value id="600000820"/><field_value id="112"/><field_value id="700036000"><value>Kinetic Request</value></field_value><field_value id="8"><value>na</value></field_value><field_value id="700000810"><value>SMTP</value></field_value><field_value id="7"><value>0</value></field_value><field_value id="6"><value>1410130600</value></field_value><field_value id="600000043"/><field_value id="5"><value>Demo</value></field_value><field_value id="4"/><field_value id="600000042"/><field_value id="3"><value>1409880879</value></field_value><field_value id="2"><value>Demo</value></field_value><field_value id="1"><value>000000000028289</value></field_value></entry><entry id="000000000028290"><field_value id="600000101"/><field_value id="700000820"><value>Login ID(s)</value></field_value><field_value id="700000850"><value>KS91a91bd5bc038f14f5900e7231d59e923</value></field_value><field_value id="700000014"><value>2</value></field_value><field_value id="700000013"><value>0</value></field_value><field_value id="600001020"/><field_value id="700001046"/><field_value id="600000099"/><field_value id="600000098"/><field_value id="700000800"><value>Recipient Type</value></field_value><field_value id="600000096"/><field_value id="600000095"/><field_value id="600000094"/><field_value id="600000093"/><field_value id="600000092"/><field_value id="600000091"/><field_value id="179"><value>AG2fb889a6b1cbd3196c3cf6e964dca8a26</value></field_value><field_value id="600000090"/><field_value id="600000820"/><field_value id="112"/><field_value id="700036000"><value>Kinetic Request</value></field_value><field_value id="8"><value>na</value></field_value><field_value id="700000810"><value>Login ID</value></field_value><field_value id="7"><value>0</value></field_value><field_value id="6"><value>1409880892</value></field_value><field_value id="600000043"/><field_value id="5"><value>Demo</value></field_value><field_value id="4"/><field_value id="600000042"/><field_value id="3"><value>1409880892</value></field_value><field_value id="2"><value>Demo</value></field_value><field_value id="1"><value>000000000028290</value></field_value></entry><entry id="000000000028291"><field_value id="600000101"/><field_value id="700000820"><value>All languages (default)</value></field_value><field_value id="700000850"><value>KS91a91bd5bc038f14f5900e7231d59e923</value></field_value><field_value id="700000014"><value>1</value></field_value><field_value id="700000013"><value>0</value></field_value><field_value id="600001020"/><field_value id="700001046"/><field_value id="600000099"/><field_value id="600000098"/><field_value id="700000800"><value>Default or specific</value></field_value><field_value id="600000096"/><field_value id="600000095"/><field_value id="600000094"/><field_value id="600000093"/><field_value id="600000092"/><field_value id="600000091"/><field_value id="179"><value>AG3c9a8d3fd970383c36f11fdc624fdd601</value></field_value><field_value id="600000090"/><field_value id="600000820"/><field_value id="112"/><field_value id="700036000"><value>Kinetic Request</value></field_value><field_value id="8"><value>na</value></field_value><field_value id="700000810"><value>Default</value></field_value><field_value id="7"><value>0</value></field_value><field_value id="6"><value>1409882668</value></field_value><field_value id="600000043"/><field_value id="5"><value>Demo</value></field_value><field_value id="4"/><field_value id="600000042"/><field_value id="3"><value>1409882668</value></field_value><field_value id="2"><value>Demo</value></field_value><field_value id="1"><value>000000000028291</value></field_value></entry><entry id="000000000028292"><field_value id="600000101"/><field_value id="700000820"><value>Specific language</value></field_value><field_value id="700000850"><value>KS91a91bd5bc038f14f5900e7231d59e923</value></field_value><field_value id="700000014"><value>2</value></field_value><field_value id="700000013"><value>0</value></field_value><field_value id="600001020"/><field_value id="700001046"/><field_value id="600000099"/><field_value id="600000098"/><field_value id="700000800"><value>Default or specific</value></field_value><field_value id="600000096"/><field_value id="600000095"/><field_value id="600000094"/><field_value id="600000093"/><field_value id="600000092"/><field_value id="600000091"/><field_value id="179"><value>AGc3683bdf36b86b1afa51fbb0a21833b98</value></field_value><field_value id="600000090"/><field_value id="600000820"/><field_value id="112"/><field_value id="700036000"><value>Kinetic Request</value></field_value><field_value id="8"><value>na</value></field_value><field_value id="700000810"><value>Specific language</value></field_value><field_value id="7"><value>0</value></field_value><field_value id="6"><value>1409882940</value></field_value><field_value id="600000043"/><field_value id="5"><value>Demo</value></field_value><field_value id="4"/><field_value id="600000042"/><field_value id="3"><value>1409882940</value></field_value><field_value id="2"><value>Demo</value></field_value><field_value id="1"><value>000000000028292</value></field_value></entry><entry id="000000000028293"><field_value id="600000101"/><field_value id="700000820"><value>Determined when used</value></field_value><field_value id="700000850"><value>KS91a91bd5bc038f14f5900e7231d59e923</value></field_value><field_value id="700000014"><value>2</value></field_value><field_value id="700000013"><value>0</value></field_value><field_value id="600001020"/><field_value id="700001046"/><field_value id="600000099"/><field_value id="600000098"/><field_value id="700000800"><value>Predefined Recipient</value></field_value><field_value id="600000096"/><field_value id="600000095"/><field_value id="600000094"/><field_value id="600000093"/><field_value id="600000092"/><field_value id="600000091"/><field_value id="179"><value>AG983f067b6e3de850e79e15c4289da7dbd</value></field_value><field_value id="600000090"/><field_value id="600000820"/><field_value id="112"/><field_value id="700036000"><value>Kinetic Request</value></field_value><field_value id="8"><value>na</value></field_value><field_value id="700000810"><value>Determined when used</value></field_value><field_value id="7"><value>0</value></field_value><field_value id="6"><value>1409943575</value></field_value><field_value id="600000043"/><field_value id="5"><value>Demo</value></field_value><field_value id="4"/><field_value id="600000042"/><field_value id="3"><value>1409943575</value></field_value><field_value id="2"><value>Demo</value></field_value><field_value id="1"><value>000000000028293</value></field_value></entry><entry id="000000000028294"><field_value id="600000101"/><field_value id="700000820"><value>Predefined recipient</value></field_value><field_value id="700000850"><value>KS91a91bd5bc038f14f5900e7231d59e923</value></field_value><field_value id="700000014"><value>1</value></field_value><field_value id="700000013"><value>0</value></field_value><field_value id="600001020"/><field_value id="700001046"/><field_value id="600000099"/><field_value id="600000098"/><field_value id="700000800"><value>Predefined Recipient</value></field_value><field_value id="600000096"/><field_value id="600000095"/><field_value id="600000094"/><field_value id="600000093"/><field_value id="600000092"/><field_value id="600000091"/><field_value id="179"><value>AG15e54ab49a0e716b999b417aaaa1de195</value></field_value><field_value id="600000090"/><field_value id="600000820"/><field_value id="112"/><field_value id="700036000"><value>Kinetic Request</value></field_value><field_value id="8"><value>na</value></field_value><field_value id="700000810"><value>Predefined recipient</value></field_value><field_value id="7"><value>0</value></field_value><field_value id="6"><value>1410087130</value></field_value><field_value id="600000043"/><field_value id="5"><value>Demo</value></field_value><field_value id="4"/><field_value id="600000042"/><field_value id="3"><value>1410087130</value></field_value><field_value id="2"><value>Demo</value></field_value><field_value id="1"><value>000000000028294</value></field_value></entry><entry id="000000000028295"><field_value id="600000101"/><field_value id="700000820"><value>Active</value></field_value><field_value id="700000850"><value>KS91a91bd5bc038f14f5900e7231d59e923</value></field_value><field_value id="700000014"><value>1</value></field_value><field_value id="700000013"><value>0</value></field_value><field_value id="600001020"/><field_value id="700001046"/><field_value id="600000099"/><field_value id="600000098"/><field_value id="700000800"><value>Status Values</value></field_value><field_value id="600000096"/><field_value id="600000095"/><field_value id="600000094"/><field_value id="600000093"/><field_value id="600000092"/><field_value id="600000091"/><field_value id="179"><value>AGc91b10465fe2a1ddfa6a00616ca0e5f70</value></field_value><field_value id="600000090"/><field_value id="600000820"/><field_value id="112"/><field_value id="700036000"><value>Kinetic Request</value></field_value><field_value id="8"><value>na</value></field_value><field_value id="700000810"><value>Active</value></field_value><field_value id="7"><value>0</value></field_value><field_value id="6"><value>1410119031</value></field_value><field_value id="600000043"/><field_value id="5"><value>Demo</value></field_value><field_value id="4"/><field_value id="600000042"/><field_value id="3"><value>1410119031</value></field_value><field_value id="2"><value>Demo</value></field_value><field_value id="1"><value>000000000028295</value></field_value></entry><entry id="000000000028296"><field_value id="600000101"/><field_value id="700000820"><value>Inactive</value></field_value><field_value id="700000850"><value>KS91a91bd5bc038f14f5900e7231d59e923</value></field_value><field_value id="700000014"><value>2</value></field_value><field_value id="700000013"><value>0</value></field_value><field_value id="600001020"/><field_value id="700001046"/><field_value id="600000099"/><field_value id="600000098"/><field_value id="700000800"><value>Status Values</value></field_value><field_value id="600000096"/><field_value id="600000095"/><field_value id="600000094"/><field_value id="600000093"/><field_value id="600000092"/><field_value id="600000091"/><field_value id="179"><value>AGd456ece3e7abe4cffb06addc8909dccd5</value></field_value><field_value id="600000090"/><field_value id="600000820"/><field_value id="112"/><field_value id="700036000"><value>Kinetic Request</value></field_value><field_value id="8"><value>na</value></field_value><field_value id="700000810"><value>Inactive</value></field_value><field_value id="7"><value>0</value></field_value><field_value id="6"><value>1410119033</value></field_value><field_value id="600000043"/><field_value id="5"><value>Demo</value></field_value><field_value id="4"/><field_value id="600000042"/><field_value id="3"><value>1410119033</value></field_value><field_value id="2"><value>Demo</value></field_value><field_value id="1"><value>000000000028296</value></field_value></entry><entry id="000000000028297"><field_value id="600000101"/><field_value id="700000820"><value>Default</value></field_value><field_value id="700000850"><value>KS91a91bd5bc038f14f5900e7231d59e923</value></field_value><field_value id="700000014"><value>1</value></field_value><field_value id="700000013"><value>0</value></field_value><field_value id="600001020"/><field_value id="700001046"/><field_value id="600000099"/><field_value id="600000098"/><field_value id="700000800"><value>Recipient Language Option</value></field_value><field_value id="600000096"/><field_value id="600000095"/><field_value id="600000094"/><field_value id="600000093"/><field_value id="600000092"/><field_value id="600000091"/><field_value id="179"><value>AGb29574111e9fb7b69a792f1e3cc1de992</value></field_value><field_value id="600000090"/><field_value id="600000820"/><field_value id="112"/><field_value id="700036000"><value>Kinetic Request</value></field_value><field_value id="8"><value>na</value></field_value><field_value id="700000810"><value>Default</value></field_value><field_value id="7"><value>0</value></field_value><field_value id="6"><value>1410128580</value></field_value><field_value id="600000043"/><field_value id="5"><value>Demo</value></field_value><field_value id="4"/><field_value id="600000042"/><field_value id="3"><value>1410128580</value></field_value><field_value id="2"><value>Demo</value></field_value><field_value id="1"><value>000000000028297</value></field_value></entry><entry id="000000000028298"><field_value id="600000101"/><field_value id="700000820"><value>Specific language</value></field_value><field_value id="700000850"><value>KS91a91bd5bc038f14f5900e7231d59e923</value></field_value><field_value id="700000014"><value>2</value></field_value><field_value id="700000013"><value>0</value></field_value><field_value id="600001020"/><field_value id="700001046"/><field_value id="600000099"/><field_value id="600000098"/><field_value id="700000800"><value>Recipient Language Option</value></field_value><field_value id="600000096"/><field_value id="600000095"/><field_value id="600000094"/><field_value id="600000093"/><field_value id="600000092"/><field_value id="600000091"/><field_value id="179"><value>AG938048d3bd5061e3429fa209fc74aa359</value></field_value><field_value id="600000090"/><field_value id="600000820"/><field_value id="112"/><field_value id="700036000"><value>Kinetic Request</value></field_value><field_value id="8"><value>na</value></field_value><field_value id="700000810"><value>Specific language</value></field_value><field_value id="7"><value>0</value></field_value><field_value id="6"><value>1410130729</value></field_value><field_value id="600000043"/><field_value id="5"><value>Demo</value></field_value><field_value id="4"/><field_value id="600000042"/><field_value id="3"><value>1410128618</value></field_value><field_value id="2"><value>Demo</value></field_value><field_value id="1"><value>000000000028298</value></field_value></entry></instance></xform></arsystem_xml_report>