<?xml version="1.0" encoding="UTF-8"?>
<arsystem_xml_report><xform id="KS_SRV_FieldMap" remedy="http://www.w3.org/2000/xforms"><instance><field-info><field><name>Mapping_Source</name><id>600000300</id><type>CHAR</type></field><field><name>_ActionTwo</name><id>600000043</id><type>CHAR</type></field><field><name>_ActionOne</name><id>600000042</id><type>CHAR</type></field><field><name>FormEventInstanceId</name><id>700008060</id><type>CHAR</type></field><field><name>_SortOrderOffset</name><id>700002400</id><type>INTEGER</type></field><field><name>Table_Label</name><id>700073257</id><type>CHAR</type></field><field><name>Visible_In_Table</name><id>700073251</id><type>ENUM</type></field><field><name>Sort_Order</name><id>700073250</id><type>INTEGER</type></field><field><name>Short Description</name><id>8</id><type>CHAR</type></field><field><name>Status</name><id>7</id><type>ENUM</type></field><field><name>Modified Date</name><id>6</id><type>TIME</type></field><field><name>Last Modified By</name><id>5</id><type>CHAR</type></field><field><name>Assigned To</name><id>4</id><type>CHAR</type></field><field><name>Create Date</name><id>3</id><type>TIME</type></field><field><name>Submitter</name><id>2</id><type>CHAR</type></field><field><name>Request ID</name><id>1</id><type>CHAR</type></field><field><name>OperationID</name><id>490000700</id><type>CHAR</type></field><field><name>_Multi-Purpose2</name><id>600000091</id><type>CHAR</type></field><field><name>_Multi-Purpose</name><id>600000090</id><type>CHAR</type></field><field><name>_SourceSurveyID</name><id>700001953</id><type>CHAR</type></field><field><name>SourceInstanceID</name><id>700000876</id><type>CHAR</type></field><field><name>Value_Short</name><id>700000875</id><type>CHAR</type></field><field><name>Map Type</name><id>700000874</id><type>CHAR</type></field><field><name>Value_Long</name><id>700000873</id><type>CHAR</type></field><field><name>Source_Field_ID</name><id>700000872</id><type>CHAR</type></field><field><name>SourceField_Label</name><id>700000871</id><type>CHAR</type></field><field><name>SortOrderChangeTo</name><id>700001212</id><type>INTEGER</type></field><field><name>instanceId</name><id>179</id><type>CHAR</type></field><field><name>_tempValueString</name><id>700077902</id><type>CHAR</type></field><field><name>_end_location</name><id>700077901</id><type>INTEGER</type></field><field><name>_start_location</name><id>700077900</id><type>INTEGER</type></field><field><name>Value_Escaped</name><id>770000404</id><type>CHAR</type></field><field><name>Bridged_Resource</name><id>770000403</id><type>ENUM</type></field><field><name>FireChangeImmediately</name><id>770000402</id><type>ENUM</type></field><field><name>Clone_SourceInstanceID</name><id>700001046</id><type>CHAR</type></field><field><name>IntegrationSource_instanceid</name><id>700000899</id><type>CHAR</type></field><field><name>FireChangeEvent</name><id>770000401</id><type>ENUM</type></field><field><name>FireChangeEventFlag</name><id>770000400</id><type>ENUM</type></field><field><name>_ActionThree</name><id>700001043</id><type>CHAR</type></field><field><name>SurveyInstanceID</name><id>700000800</id><type>CHAR</type></field></field-info><entry id="000000000074773"><field_value id="600000300"><value>Notification</value></field_value><field_value id="600000043"/><field_value id="600000042"/><field_value id="700008060"><value>ID241ba4400ecb24e34b580affc4948234b</value></field_value><field_value id="700002400"/><field_value id="700073257"/><field_value id="700073251"><value>0</value></field_value><field_value id="700073250"><value>1</value></field_value><field_value id="8"><value>na</value></field_value><field_value id="7"><value>0</value></field_value><field_value id="6"><value>1410086948</value></field_value><field_value id="5"><value>Demo</value></field_value><field_value id="4"/><field_value id="3"><value>1409879751</value></field_value><field_value id="2"><value>Demo</value></field_value><field_value id="1"><value>000000000074773</value></field_value><field_value id="490000700"/><field_value id="600000091"/><field_value id="600000090"/><field_value id="700001953"/><field_value id="700000876"><value>na</value></field_value><field_value id="700000875"><value>Global</value></field_value><field_value id="700000874"><value>Inbound - Internal</value></field_value><field_value id="700000873"><value>Global</value></field_value><field_value id="700000872"><value>KS448d768e5425db6c1f20def862521d559</value></field_value><field_value id="700000871"><value>Scope</value></field_value><field_value id="700001212"/><field_value id="179"><value>AGfcb1f9fd64283775b2fc5e537ff6cb5cb</value></field_value><field_value id="700077902"/><field_value id="700077901"/><field_value id="700077900"/><field_value id="770000404"/><field_value id="770000403"/><field_value id="770000402"/><field_value id="700001046"/><field_value id="700000899"><value>na</value></field_value><field_value id="770000401"><value>1</value></field_value><field_value id="770000400"/><field_value id="700001043"/><field_value id="700000800"><value>KS91a91bd5bc038f14f5900e7231d59e923</value></field_value></entry><entry id="000000000074774"><field_value id="600000300"><value>Notification</value></field_value><field_value id="600000043"/><field_value id="600000042"/><field_value id="700008060"><value>ID6a949969b2ff3daf5c17f29ccd3933798</value></field_value><field_value id="700002400"/><field_value id="700073257"/><field_value id="700073251"><value>0</value></field_value><field_value id="700073250"><value>1</value></field_value><field_value id="8"><value>na</value></field_value><field_value id="7"><value>0</value></field_value><field_value id="6"><value>1410086961</value></field_value><field_value id="5"><value>Demo</value></field_value><field_value id="4"/><field_value id="3"><value>1409879785</value></field_value><field_value id="2"><value>Demo</value></field_value><field_value id="1"><value>000000000074774</value></field_value><field_value id="490000700"/><field_value id="600000091"/><field_value id="600000090"/><field_value id="700001953"/><field_value id="700000876"><value>na</value></field_value><field_value id="700000875"><value>$\NULL$</value></field_value><field_value id="700000874"><value>Inbound - Internal</value></field_value><field_value id="700000873"><value>$\NULL$</value></field_value><field_value id="700000872"><value>KS448d768e5425db6c1f20def862521d559</value></field_value><field_value id="700000871"><value>Scope</value></field_value><field_value id="700001212"/><field_value id="179"><value>AG8d43b45b5a0e53d2c430bc14dcf6819ae</value></field_value><field_value id="700077902"/><field_value id="700077901"/><field_value id="700077900"/><field_value id="770000404"/><field_value id="770000403"/><field_value id="770000402"/><field_value id="700001046"/><field_value id="700000899"><value>na</value></field_value><field_value id="770000401"><value>1</value></field_value><field_value id="770000400"/><field_value id="700001043"/><field_value id="700000800"><value>KS91a91bd5bc038f14f5900e7231d59e923</value></field_value></entry><entry id="000000000074775"><field_value id="600000300"><value>Notification</value></field_value><field_value id="600000043"/><field_value id="600000042"/><field_value id="700008060"><value>IDfeb1466c84dba2a0378ed898633d761fd</value></field_value><field_value id="700002400"/><field_value id="700073257"/><field_value id="700073251"><value>0</value></field_value><field_value id="700073250"><value>1</value></field_value><field_value id="8"><value>na</value></field_value><field_value id="7"><value>0</value></field_value><field_value id="6"><value>1410086824</value></field_value><field_value id="5"><value>Demo</value></field_value><field_value id="4"/><field_value id="3"><value>1409879831</value></field_value><field_value id="2"><value>Demo</value></field_value><field_value id="1"><value>000000000074775</value></field_value><field_value id="490000700"/><field_value id="600000091"/><field_value id="600000090"/><field_value id="700001953"/><field_value id="700000876"><value>na</value></field_value><field_value id="700000875"><value>&lt;FLD&gt;_NotificationSco;KSf194a62bc6a78c7f04f1b055fbe108c86&lt;/FLD&gt; </value></field_value><field_value id="700000874"><value>Inbound - Internal</value></field_value><field_value id="700000873"><value>&lt;FLD&gt;_NotificationSco;KSf194a62bc6a78c7f04f1b055fbe108c86&lt;/FLD&gt; </value></field_value><field_value id="700000872"><value>KS448d768e5425db6c1f20def862521d559</value></field_value><field_value id="700000871"><value>Scope</value></field_value><field_value id="700001212"/><field_value id="179"><value>AG4b24634c1e2fbf5732b3add78311088aa</value></field_value><field_value id="700077902"/><field_value id="700077901"/><field_value id="700077900"/><field_value id="770000404"/><field_value id="770000403"/><field_value id="770000402"/><field_value id="700001046"/><field_value id="700000899"><value>na</value></field_value><field_value id="770000401"><value>1</value></field_value><field_value id="770000400"/><field_value id="700001043"/><field_value id="700000800"><value>KS91a91bd5bc038f14f5900e7231d59e923</value></field_value></entry><entry id="000000000074776"><field_value id="600000300"><value>Notification</value></field_value><field_value id="600000043"/><field_value id="600000042"/><field_value id="700008060"><value>IDea732c08930b13546148a862b7135edd7</value></field_value><field_value id="700002400"/><field_value id="700073257"/><field_value id="700073251"><value>0</value></field_value><field_value id="700073250"><value>1</value></field_value><field_value id="8"><value>na</value></field_value><field_value id="7"><value>0</value></field_value><field_value id="6"><value>1409883069</value></field_value><field_value id="5"><value>Demo</value></field_value><field_value id="4"/><field_value id="3"><value>1409883069</value></field_value><field_value id="2"><value>Demo</value></field_value><field_value id="1"><value>000000000074776</value></field_value><field_value id="490000700"><value>KS000C29DAE499YgIIVAisiWIwN3gU</value></field_value><field_value id="600000091"/><field_value id="600000090"/><field_value id="700001953"/><field_value id="700000876"><value>na</value></field_value><field_value id="700000875"><value>&lt;FLD&gt;_LanguageSelecti;KS2762329287dad837885a4fb41c44fb198&lt;/FLD&gt; </value></field_value><field_value id="700000874"><value>Inbound - Internal</value></field_value><field_value id="700000873"><value>&lt;FLD&gt;_LanguageSelecti;KS2762329287dad837885a4fb41c44fb198&lt;/FLD&gt; </value></field_value><field_value id="700000872"><value>KS09b3013a1a79e856363d0af75fe8f11bf</value></field_value><field_value id="700000871"><value>Language</value></field_value><field_value id="700001212"/><field_value id="179"><value>AG94aee7d69b2350795fdccc94ba8f027d7</value></field_value><field_value id="700077902"/><field_value id="700077901"/><field_value id="700077900"/><field_value id="770000404"/><field_value id="770000403"/><field_value id="770000402"/><field_value id="700001046"/><field_value id="700000899"><value>na</value></field_value><field_value id="770000401"><value>1</value></field_value><field_value id="770000400"/><field_value id="700001043"/><field_value id="700000800"><value>KS91a91bd5bc038f14f5900e7231d59e923</value></field_value></entry><entry id="000000000074777"><field_value id="600000300"><value>Notification</value></field_value><field_value id="600000043"/><field_value id="600000042"/><field_value id="700008060"><value>IDed8363fabe1f745354108ced7096535f2</value></field_value><field_value id="700002400"/><field_value id="700073257"/><field_value id="700073251"><value>0</value></field_value><field_value id="700073250"><value>1</value></field_value><field_value id="8"><value>na</value></field_value><field_value id="7"><value>0</value></field_value><field_value id="6"><value>1409883169</value></field_value><field_value id="5"><value>Demo</value></field_value><field_value id="4"/><field_value id="3"><value>1409883169</value></field_value><field_value id="2"><value>Demo</value></field_value><field_value id="1"><value>000000000074777</value></field_value><field_value id="490000700"><value>KS000C29DAE499xwIIVA91SYIwu3kU</value></field_value><field_value id="600000091"/><field_value id="600000090"/><field_value id="700001953"/><field_value id="700000876"><value>na</value></field_value><field_value id="700000875"><value>Default</value></field_value><field_value id="700000874"><value>Inbound - Internal</value></field_value><field_value id="700000873"><value>Default</value></field_value><field_value id="700000872"><value>KS09b3013a1a79e856363d0af75fe8f11bf</value></field_value><field_value id="700000871"><value>Language</value></field_value><field_value id="700001212"/><field_value id="179"><value>AG563f75c9e4d37b63b0e375df7f00eb135</value></field_value><field_value id="700077902"/><field_value id="700077901"/><field_value id="700077900"/><field_value id="770000404"/><field_value id="770000403"/><field_value id="770000402"/><field_value id="700001046"/><field_value id="700000899"><value>na</value></field_value><field_value id="770000401"><value>1</value></field_value><field_value id="770000400"/><field_value id="700001043"/><field_value id="700000800"><value>KS91a91bd5bc038f14f5900e7231d59e923</value></field_value></entry><entry id="000000000074778"><field_value id="600000300"><value>Notification</value></field_value><field_value id="600000043"/><field_value id="600000042"/><field_value id="700008060"><value>ID8b8a23d4156d5e24d0be318f271a8fcc4</value></field_value><field_value id="700002400"/><field_value id="700073257"/><field_value id="700073251"><value>0</value></field_value><field_value id="700073250"><value>1</value></field_value><field_value id="8"><value>na</value></field_value><field_value id="7"><value>0</value></field_value><field_value id="6"><value>1409883193</value></field_value><field_value id="5"><value>Demo</value></field_value><field_value id="4"/><field_value id="3"><value>1409883193</value></field_value><field_value id="2"><value>Demo</value></field_value><field_value id="1"><value>000000000074778</value></field_value><field_value id="490000700"><value>KS000C29DAE499xwIIVA91SYIwu3kU</value></field_value><field_value id="600000091"/><field_value id="600000090"/><field_value id="700001953"/><field_value id="700000876"><value>na</value></field_value><field_value id="700000875"><value>$\NULL$</value></field_value><field_value id="700000874"><value>Inbound - Internal</value></field_value><field_value id="700000873"><value>$\NULL$</value></field_value><field_value id="700000872"><value>KS09b3013a1a79e856363d0af75fe8f11bf</value></field_value><field_value id="700000871"><value>Language</value></field_value><field_value id="700001212"/><field_value id="179"><value>AGadabbd8ad7bd74bd86dd229f63252e0b2</value></field_value><field_value id="700077902"/><field_value id="700077901"/><field_value id="700077900"/><field_value id="770000404"/><field_value id="770000403"/><field_value id="770000402"/><field_value id="700001046"/><field_value id="700000899"><value>na</value></field_value><field_value id="770000401"><value>1</value></field_value><field_value id="770000400"/><field_value id="700001043"/><field_value id="700000800"><value>KS91a91bd5bc038f14f5900e7231d59e923</value></field_value></entry><entry id="000000000074779"><field_value id="600000300"><value>Kinetic Bridge</value></field_value><field_value id="600000043"/><field_value id="600000042"/><field_value id="700008060"><value>IDb690dc4cc05bf0c2f3e056d4b6060f984</value></field_value><field_value id="700002400"/><field_value id="700073257"/><field_value id="700073251"><value>0</value></field_value><field_value id="700073250"><value>1</value></field_value><field_value id="8"><value>na</value></field_value><field_value id="7"><value>0</value></field_value><field_value id="6"><value>1409920249</value></field_value><field_value id="5"><value>Demo</value></field_value><field_value id="4"/><field_value id="3"><value>1409920232</value></field_value><field_value id="2"><value>Demo</value></field_value><field_value id="1"><value>000000000074779</value></field_value><field_value id="490000700"/><field_value id="600000091"/><field_value id="600000090"/><field_value id="700001953"/><field_value id="700000876"><value>IDc2562b3d7510949d25e735c9973c5914a</value></field_value><field_value id="700000875"><value>&lt;%=attribute["Integer Field 1"]%&gt; </value></field_value><field_value id="700000874"><value>Inbound - Data Source</value></field_value><field_value id="700000873"><value>&lt;%=attribute["Integer Field 1"]%&gt; </value></field_value><field_value id="700000872"><value>KS9b7f2227185a368e2f2e94f7585af60ef</value></field_value><field_value id="700000871"><value>Source</value></field_value><field_value id="700001212"/><field_value id="179"><value>AG1297a54539f472709ce37c17467c5b921</value></field_value><field_value id="700077902"/><field_value id="700077901"/><field_value id="700077900"/><field_value id="770000404"><value>&lt;%=attribute[\\\"Integer Field 1\\\"]%&gt; </value></field_value><field_value id="770000403"><value>0</value></field_value><field_value id="770000402"/><field_value id="700001046"/><field_value id="700000899"><value>na</value></field_value><field_value id="770000401"><value>0</value></field_value><field_value id="770000400"><value>0</value></field_value><field_value id="700001043"/><field_value id="700000800"><value>KS91a91bd5bc038f14f5900e7231d59e923</value></field_value></entry><entry id="000000000074780"><field_value id="600000300"><value>Notification</value></field_value><field_value id="600000043"/><field_value id="600000042"/><field_value id="700008060"><value>ID29ac4063d97defee4229e4c6fc8b39fb9</value></field_value><field_value id="700002400"/><field_value id="700073257"/><field_value id="700073251"><value>0</value></field_value><field_value id="700073250"><value>2</value></field_value><field_value id="8"><value>na</value></field_value><field_value id="7"><value>0</value></field_value><field_value id="6"><value>1410140174</value></field_value><field_value id="5"><value>Demo</value></field_value><field_value id="4"/><field_value id="3"><value>1410089138</value></field_value><field_value id="2"><value>Demo</value></field_value><field_value id="1"><value>000000000074780</value></field_value><field_value id="490000700"/><field_value id="600000091"/><field_value id="600000090"/><field_value id="700001953"/><field_value id="700000876"><value>na</value></field_value><field_value id="700000875"><value>Predefined recipient</value></field_value><field_value id="700000874"><value>Inbound - Internal</value></field_value><field_value id="700000873"><value>Predefined recipient</value></field_value><field_value id="700000872"><value>KSaacd7e4dedc98ecf90c9605986f28adba</value></field_value><field_value id="700000871"><value>Predefined Recipient</value></field_value><field_value id="700001212"/><field_value id="179"><value>AGf236e44ee075f6fa686090ec41eea69f5</value></field_value><field_value id="700077902"/><field_value id="700077901"/><field_value id="700077900"/><field_value id="770000404"/><field_value id="770000403"/><field_value id="770000402"/><field_value id="700001046"/><field_value id="700000899"><value>na</value></field_value><field_value id="770000401"><value>1</value></field_value><field_value id="770000400"/><field_value id="700001043"/><field_value id="700000800"><value>KS91a91bd5bc038f14f5900e7231d59e923</value></field_value></entry><entry id="000000000074781"><field_value id="600000300"><value>Notification</value></field_value><field_value id="600000043"/><field_value id="600000042"/><field_value id="700008060"><value>ID29ac4063d97defee4229e4c6fc8b39fb9</value></field_value><field_value id="700002400"/><field_value id="700073257"/><field_value id="700073251"><value>0</value></field_value><field_value id="700073250"><value>7</value></field_value><field_value id="8"><value>na</value></field_value><field_value id="7"><value>0</value></field_value><field_value id="6"><value>1410140215</value></field_value><field_value id="5"><value>Demo</value></field_value><field_value id="4"/><field_value id="3"><value>1410102440</value></field_value><field_value id="2"><value>Demo</value></field_value><field_value id="1"><value>000000000074781</value></field_value><field_value id="490000700"><value>ID000C29DAE499RFsLVAV_qpMASHYc</value></field_value><field_value id="600000091"/><field_value id="600000090"/><field_value id="700001953"/><field_value id="700000876"><value>na</value></field_value><field_value id="700000875"><value>$\NULL$</value></field_value><field_value id="700000874"><value>Inbound - Internal</value></field_value><field_value id="700000873"><value>$\NULL$</value></field_value><field_value id="700000872"><value>KSd23731a4cb54632f772105c94c4f936ec</value></field_value><field_value id="700000871"><value>Recipient Type</value></field_value><field_value id="700001212"/><field_value id="179"><value>AG2763e8906367d865a10e370b74ebaa792</value></field_value><field_value id="700077902"/><field_value id="700077901"/><field_value id="700077900"/><field_value id="770000404"/><field_value id="770000403"/><field_value id="770000402"/><field_value id="700001046"/><field_value id="700000899"><value>na</value></field_value><field_value id="770000401"><value>1</value></field_value><field_value id="770000400"/><field_value id="700001043"/><field_value id="700000800"><value>KS91a91bd5bc038f14f5900e7231d59e923</value></field_value></entry><entry id="000000000074782"><field_value id="600000300"><value>Notification</value></field_value><field_value id="600000043"/><field_value id="600000042"/><field_value id="700008060"><value>ID28c08d6d797e81adb73f3212136fff39b</value></field_value><field_value id="700002400"/><field_value id="700073257"/><field_value id="700073251"><value>0</value></field_value><field_value id="700073250"><value>2</value></field_value><field_value id="8"><value>na</value></field_value><field_value id="7"><value>0</value></field_value><field_value id="6"><value>1410140763</value></field_value><field_value id="5"><value>Demo</value></field_value><field_value id="4"/><field_value id="3"><value>1410103472</value></field_value><field_value id="2"><value>Demo</value></field_value><field_value id="1"><value>000000000074782</value></field_value><field_value id="490000700"/><field_value id="600000091"/><field_value id="600000090"/><field_value id="700001953"/><field_value id="700000876"><value>na</value></field_value><field_value id="700000875"><value>Determined when used</value></field_value><field_value id="700000874"><value>Inbound - Internal</value></field_value><field_value id="700000873"><value>Determined when used</value></field_value><field_value id="700000872"><value>KSaacd7e4dedc98ecf90c9605986f28adba</value></field_value><field_value id="700000871"><value>Predefined Recipient</value></field_value><field_value id="700001212"/><field_value id="179"><value>AG8b98fddbf6e04a8969dd0c18973206c66</value></field_value><field_value id="700077902"/><field_value id="700077901"/><field_value id="700077900"/><field_value id="770000404"/><field_value id="770000403"/><field_value id="770000402"/><field_value id="700001046"/><field_value id="700000899"><value>na</value></field_value><field_value id="770000401"><value>1</value></field_value><field_value id="770000400"/><field_value id="700001043"/><field_value id="700000800"><value>KS91a91bd5bc038f14f5900e7231d59e923</value></field_value></entry><entry id="000000000074783"><field_value id="600000300"><value>Notification</value></field_value><field_value id="600000043"/><field_value id="600000042"/><field_value id="700008060"><value>ID28c08d6d797e81adb73f3212136fff39b</value></field_value><field_value id="700002400"/><field_value id="700073257"/><field_value id="700073251"><value>0</value></field_value><field_value id="700073250"><value>3</value></field_value><field_value id="8"><value>na</value></field_value><field_value id="7"><value>0</value></field_value><field_value id="6"><value>1410140794</value></field_value><field_value id="5"><value>Demo</value></field_value><field_value id="4"/><field_value id="3"><value>1410103514</value></field_value><field_value id="2"><value>Demo</value></field_value><field_value id="1"><value>000000000074783</value></field_value><field_value id="490000700"/><field_value id="600000091"/><field_value id="600000090"/><field_value id="700001953"/><field_value id="700000876"><value>na</value></field_value><field_value id="700000875"><value>Global</value></field_value><field_value id="700000874"><value>Inbound - Internal</value></field_value><field_value id="700000873"><value>Global</value></field_value><field_value id="700000872"><value>KSf397e7d7042b52afc489bdfadcfd07829</value></field_value><field_value id="700000871"><value>Notification Scope</value></field_value><field_value id="700001212"/><field_value id="179"><value>AG2736ea4eb7f69da72714f1f2732b07a1e</value></field_value><field_value id="700077902"/><field_value id="700077901"/><field_value id="700077900"/><field_value id="770000404"/><field_value id="770000403"/><field_value id="770000402"/><field_value id="700001046"/><field_value id="700000899"><value>na</value></field_value><field_value id="770000401"><value>1</value></field_value><field_value id="770000400"/><field_value id="700001043"/><field_value id="700000800"><value>KS91a91bd5bc038f14f5900e7231d59e923</value></field_value></entry><entry id="000000000074784"><field_value id="600000300"><value>Notification</value></field_value><field_value id="600000043"/><field_value id="600000042"/><field_value id="700008060"><value>ID28c08d6d797e81adb73f3212136fff39b</value></field_value><field_value id="700002400"/><field_value id="700073257"/><field_value id="700073251"><value>0</value></field_value><field_value id="700073250"><value>5</value></field_value><field_value id="8"><value>na</value></field_value><field_value id="7"><value>0</value></field_value><field_value id="6"><value>1410140864</value></field_value><field_value id="5"><value>Demo</value></field_value><field_value id="4"/><field_value id="3"><value>1410103734</value></field_value><field_value id="2"><value>Demo</value></field_value><field_value id="1"><value>000000000074784</value></field_value><field_value id="490000700"/><field_value id="600000091"/><field_value id="600000090"/><field_value id="700001953"/><field_value id="700000876"><value>na</value></field_value><field_value id="700000875"><value>Default</value></field_value><field_value id="700000874"><value>Inbound - Internal</value></field_value><field_value id="700000873"><value>Default</value></field_value><field_value id="700000872"><value>KS751f42f0594f4147ee6134c538a179c80</value></field_value><field_value id="700000871"><value>_LanguageScope</value></field_value><field_value id="700001212"/><field_value id="179"><value>AG5224c61affdf4975b1ca1ab4f5d169efb</value></field_value><field_value id="700077902"/><field_value id="700077901"/><field_value id="700077900"/><field_value id="770000404"/><field_value id="770000403"/><field_value id="770000402"/><field_value id="700001046"/><field_value id="700000899"><value>na</value></field_value><field_value id="770000401"><value>1</value></field_value><field_value id="770000400"/><field_value id="700001043"/><field_value id="700000800"><value>KS91a91bd5bc038f14f5900e7231d59e923</value></field_value></entry><entry id="000000000074785"><field_value id="600000300"><value>Notification</value></field_value><field_value id="600000043"/><field_value id="600000042"/><field_value id="700008060"><value>IDc5994369e23b6fdfa7198662f29a75d4f</value></field_value><field_value id="700002400"/><field_value id="700073257"/><field_value id="700073251"><value>0</value></field_value><field_value id="700073250"><value>1</value></field_value><field_value id="8"><value>na</value></field_value><field_value id="7"><value>0</value></field_value><field_value id="6"><value>1410105059</value></field_value><field_value id="5"><value>Demo</value></field_value><field_value id="4"/><field_value id="3"><value>1410105059</value></field_value><field_value id="2"><value>Demo</value></field_value><field_value id="1"><value>000000000074785</value></field_value><field_value id="490000700"><value>KS000C29DAE499bWULVACKrRMAB5sc</value></field_value><field_value id="600000091"/><field_value id="600000090"/><field_value id="700001953"/><field_value id="700000876"><value>na</value></field_value><field_value id="700000875"><value>$\NULL$</value></field_value><field_value id="700000874"><value>Inbound - Internal</value></field_value><field_value id="700000873"><value>$\NULL$</value></field_value><field_value id="700000872"><value>KS650ea40d925aa59fe8210fe437c2a58b7</value></field_value><field_value id="700000871"><value>Recipient Value</value></field_value><field_value id="700001212"/><field_value id="179"><value>AG2d33e4bd6459328ab3edb7836aa975309</value></field_value><field_value id="700077902"/><field_value id="700077901"/><field_value id="700077900"/><field_value id="770000404"/><field_value id="770000403"/><field_value id="770000402"/><field_value id="700001046"/><field_value id="700000899"><value>na</value></field_value><field_value id="770000401"><value>1</value></field_value><field_value id="770000400"/><field_value id="700001043"/><field_value id="700000800"><value>KS91a91bd5bc038f14f5900e7231d59e923</value></field_value></entry><entry id="000000000074786"><field_value id="600000300"><value>Notification</value></field_value><field_value id="600000043"/><field_value id="600000042"/><field_value id="700008060"><value>ID48f4956ecb0199656d3fe2de0ca3da5b9</value></field_value><field_value id="700002400"/><field_value id="700073257"/><field_value id="700073251"><value>0</value></field_value><field_value id="700073250"><value>1</value></field_value><field_value id="8"><value>na</value></field_value><field_value id="7"><value>0</value></field_value><field_value id="6"><value>1410119698</value></field_value><field_value id="5"><value>Demo</value></field_value><field_value id="4"/><field_value id="3"><value>1410119698</value></field_value><field_value id="2"><value>Demo</value></field_value><field_value id="1"><value>000000000074786</value></field_value><field_value id="490000700"><value>KS000C29DAE499Mp4LVAUmyvMQSD0d</value></field_value><field_value id="600000091"/><field_value id="600000090"/><field_value id="700001953"/><field_value id="700000876"><value>na</value></field_value><field_value id="700000875"><value>Global</value></field_value><field_value id="700000874"><value>Inbound - Internal</value></field_value><field_value id="700000873"><value>Global</value></field_value><field_value id="700000872"><value>KSfc6a9ef1733f56fb238aabdc3352f1f97</value></field_value><field_value id="700000871"><value>Recipient Scope</value></field_value><field_value id="700001212"/><field_value id="179"><value>AGf1a236c8e36027447dcb24bcd5ae20364</value></field_value><field_value id="700077902"/><field_value id="700077901"/><field_value id="700077900"/><field_value id="770000404"/><field_value id="770000403"/><field_value id="770000402"/><field_value id="700001046"/><field_value id="700000899"><value>na</value></field_value><field_value id="770000401"><value>1</value></field_value><field_value id="770000400"/><field_value id="700001043"/><field_value id="700000800"><value>KS91a91bd5bc038f14f5900e7231d59e923</value></field_value></entry><entry id="000000000074787"><field_value id="600000300"><value>Notification</value></field_value><field_value id="600000043"/><field_value id="600000042"/><field_value id="700008060"><value>ID397955b81ed78ed72047933661dbaeaf8</value></field_value><field_value id="700002400"/><field_value id="700073257"/><field_value id="700073251"><value>0</value></field_value><field_value id="700073250"><value>1</value></field_value><field_value id="8"><value>na</value></field_value><field_value id="7"><value>0</value></field_value><field_value id="6"><value>1410119732</value></field_value><field_value id="5"><value>Demo</value></field_value><field_value id="4"/><field_value id="3"><value>1410119732</value></field_value><field_value id="2"><value>Demo</value></field_value><field_value id="1"><value>000000000074787</value></field_value><field_value id="490000700"><value>KS000C29DAE499Mp4LVAUmyvMQSD0d</value></field_value><field_value id="600000091"/><field_value id="600000090"/><field_value id="700001953"/><field_value id="700000876"><value>na</value></field_value><field_value id="700000875"><value>$\NULL$</value></field_value><field_value id="700000874"><value>Inbound - Internal</value></field_value><field_value id="700000873"><value>$\NULL$</value></field_value><field_value id="700000872"><value>KSfc6a9ef1733f56fb238aabdc3352f1f97</value></field_value><field_value id="700000871"><value>Recipient Scope</value></field_value><field_value id="700001212"/><field_value id="179"><value>AGd541a61b12b9e8113ed66c38a9adde95b</value></field_value><field_value id="700077902"/><field_value id="700077901"/><field_value id="700077900"/><field_value id="770000404"/><field_value id="770000403"/><field_value id="770000402"/><field_value id="700001046"/><field_value id="700000899"><value>na</value></field_value><field_value id="770000401"><value>1</value></field_value><field_value id="770000400"/><field_value id="700001043"/><field_value id="700000800"><value>KS91a91bd5bc038f14f5900e7231d59e923</value></field_value></entry><entry id="000000000074788"><field_value id="600000300"><value>Notification</value></field_value><field_value id="600000043"/><field_value id="600000042"/><field_value id="700008060"><value>IDb801c22942f0f5ce7e4e8bf8b2a07e0a1</value></field_value><field_value id="700002400"/><field_value id="700073257"/><field_value id="700073251"><value>0</value></field_value><field_value id="700073250"><value>1</value></field_value><field_value id="8"><value>na</value></field_value><field_value id="7"><value>0</value></field_value><field_value id="6"><value>1410119776</value></field_value><field_value id="5"><value>Demo</value></field_value><field_value id="4"/><field_value id="3"><value>1410119776</value></field_value><field_value id="2"><value>Demo</value></field_value><field_value id="1"><value>000000000074788</value></field_value><field_value id="490000700"><value>KS000C29DAE499_J4LVABIGyMQzT8d</value></field_value><field_value id="600000091"/><field_value id="600000090"/><field_value id="700001953"/><field_value id="700000876"><value>na</value></field_value><field_value id="700000875"><value>&lt;FLD&gt;_RecipientScopeS;KSdf80bfb4d75a9edaa029e1bb93b939368&lt;/FLD&gt; </value></field_value><field_value id="700000874"><value>Inbound - Internal</value></field_value><field_value id="700000873"><value>&lt;FLD&gt;_RecipientScopeS;KSdf80bfb4d75a9edaa029e1bb93b939368&lt;/FLD&gt; </value></field_value><field_value id="700000872"><value>KSfc6a9ef1733f56fb238aabdc3352f1f97</value></field_value><field_value id="700000871"><value>Recipient Scope</value></field_value><field_value id="700001212"/><field_value id="179"><value>AGf5faa38974b758b9381545d11b3116f25</value></field_value><field_value id="700077902"/><field_value id="700077901"/><field_value id="700077900"/><field_value id="770000404"/><field_value id="770000403"/><field_value id="770000402"/><field_value id="700001046"/><field_value id="700000899"><value>na</value></field_value><field_value id="770000401"><value>1</value></field_value><field_value id="770000400"/><field_value id="700001043"/><field_value id="700000800"><value>KS91a91bd5bc038f14f5900e7231d59e923</value></field_value></entry><entry id="000000000074789"><field_value id="600000300"><value>Notification</value></field_value><field_value id="600000043"/><field_value id="600000042"/><field_value id="700008060"><value>ID580964ec6f3ca06e83d757a266f592449</value></field_value><field_value id="700002400"/><field_value id="700073257"/><field_value id="700073251"><value>0</value></field_value><field_value id="700073250"><value>1</value></field_value><field_value id="8"><value>na</value></field_value><field_value id="7"><value>0</value></field_value><field_value id="6"><value>1410120135</value></field_value><field_value id="5"><value>Demo</value></field_value><field_value id="4"/><field_value id="3"><value>1410120135</value></field_value><field_value id="2"><value>Demo</value></field_value><field_value id="1"><value>000000000074789</value></field_value><field_value id="490000700"><value>KS000C29DAE499MKALVAeTa3MQ4kcd</value></field_value><field_value id="600000091"/><field_value id="600000090"/><field_value id="700001953"/><field_value id="700000876"><value>na</value></field_value><field_value id="700000875"><value>Global</value></field_value><field_value id="700000874"><value>Inbound - Internal</value></field_value><field_value id="700000873"><value>Global</value></field_value><field_value id="700000872"><value>KSfaa23b6a3a9b5c1d7ac8b8b4ebc0cc593</value></field_value><field_value id="700000871"><value>_RecipientScope</value></field_value><field_value id="700001212"/><field_value id="179"><value>AG3572a443e8049212aef7a32f34f5b786d</value></field_value><field_value id="700077902"/><field_value id="700077901"/><field_value id="700077900"/><field_value id="770000404"/><field_value id="770000403"/><field_value id="770000402"/><field_value id="700001046"/><field_value id="700000899"><value>na</value></field_value><field_value id="770000401"><value>1</value></field_value><field_value id="770000400"/><field_value id="700001043"/><field_value id="700000800"><value>KS91a91bd5bc038f14f5900e7231d59e923</value></field_value></entry><entry id="000000000074790"><field_value id="600000300"><value>Notification</value></field_value><field_value id="600000043"/><field_value id="600000042"/><field_value id="700008060"><value>ID28c08d6d797e81adb73f3212136fff39b</value></field_value><field_value id="700002400"/><field_value id="700073257"/><field_value id="700073251"><value>0</value></field_value><field_value id="700073250"><value>7</value></field_value><field_value id="8"><value>na</value></field_value><field_value id="7"><value>0</value></field_value><field_value id="6"><value>1410140878</value></field_value><field_value id="5"><value>Demo</value></field_value><field_value id="4"/><field_value id="3"><value>1410120261</value></field_value><field_value id="2"><value>Demo</value></field_value><field_value id="1"><value>000000000074790</value></field_value><field_value id="490000700"/><field_value id="600000091"/><field_value id="600000090"/><field_value id="700001953"/><field_value id="700000876"><value>na</value></field_value><field_value id="700000875"><value>$\NULL$</value></field_value><field_value id="700000874"><value>Inbound - Internal</value></field_value><field_value id="700000873"><value>$\NULL$</value></field_value><field_value id="700000872"><value>KS36349afea06fa3b224e9cc25d28bdf933</value></field_value><field_value id="700000871"><value>Recipient Request ID</value></field_value><field_value id="700001212"/><field_value id="179"><value>AG9c175a5d1a966a708e27a2033ad7625f8</value></field_value><field_value id="700077902"/><field_value id="700077901"/><field_value id="700077900"/><field_value id="770000404"/><field_value id="770000403"/><field_value id="770000402"/><field_value id="700001046"/><field_value id="700000899"><value>na</value></field_value><field_value id="770000401"><value>1</value></field_value><field_value id="770000400"/><field_value id="700001043"/><field_value id="700000800"><value>KS91a91bd5bc038f14f5900e7231d59e923</value></field_value></entry><entry id="000000000074791"><field_value id="600000300"><value>Notification</value></field_value><field_value id="600000043"/><field_value id="600000042"/><field_value id="700008060"><value>ID28c08d6d797e81adb73f3212136fff39b</value></field_value><field_value id="700002400"/><field_value id="700073257"/><field_value id="700073251"><value>0</value></field_value><field_value id="700073250"><value>8</value></field_value><field_value id="8"><value>na</value></field_value><field_value id="7"><value>0</value></field_value><field_value id="6"><value>1410140878</value></field_value><field_value id="5"><value>Demo</value></field_value><field_value id="4"/><field_value id="3"><value>1410120272</value></field_value><field_value id="2"><value>Demo</value></field_value><field_value id="1"><value>000000000074791</value></field_value><field_value id="490000700"/><field_value id="600000091"/><field_value id="600000090"/><field_value id="700001953"/><field_value id="700000876"><value>na</value></field_value><field_value id="700000875"><value>Active</value></field_value><field_value id="700000874"><value>Inbound - Internal</value></field_value><field_value id="700000873"><value>Active</value></field_value><field_value id="700000872"><value>KSb7ffe7275568e20206e0ab5ab4750b111</value></field_value><field_value id="700000871"><value>Recipient Status</value></field_value><field_value id="700001212"/><field_value id="179"><value>AG4fa3dd7379268bd78cf0664d1c743037e</value></field_value><field_value id="700077902"/><field_value id="700077901"/><field_value id="700077900"/><field_value id="770000404"/><field_value id="770000403"/><field_value id="770000402"/><field_value id="700001046"/><field_value id="700000899"><value>na</value></field_value><field_value id="770000401"><value>1</value></field_value><field_value id="770000400"/><field_value id="700001043"/><field_value id="700000800"><value>KS91a91bd5bc038f14f5900e7231d59e923</value></field_value></entry><entry id="000000000074792"><field_value id="600000300"><value>Notification</value></field_value><field_value id="600000043"/><field_value id="600000042"/><field_value id="700008060"><value>ID28c08d6d797e81adb73f3212136fff39b</value></field_value><field_value id="700002400"/><field_value id="700073257"/><field_value id="700073251"><value>0</value></field_value><field_value id="700073250"><value>9</value></field_value><field_value id="8"><value>na</value></field_value><field_value id="7"><value>0</value></field_value><field_value id="6"><value>1410140878</value></field_value><field_value id="5"><value>Demo</value></field_value><field_value id="4"/><field_value id="3"><value>1410120577</value></field_value><field_value id="2"><value>Demo</value></field_value><field_value id="1"><value>000000000074792</value></field_value><field_value id="490000700"><value>ID000C29DAE4997qALVA_xm6MQW0sd</value></field_value><field_value id="600000091"/><field_value id="600000090"/><field_value id="700001953"/><field_value id="700000876"><value>na</value></field_value><field_value id="700000875"><value>$\NULL$</value></field_value><field_value id="700000874"><value>Inbound - Internal</value></field_value><field_value id="700000873"><value>$\NULL$</value></field_value><field_value id="700000872"><value>KS882be9accd943dc02818f2f2d94523f01</value></field_value><field_value id="700000871"><value>Content Request ID</value></field_value><field_value id="700001212"/><field_value id="179"><value>AGeb45a8feaf2298ed940aff0f063f93538</value></field_value><field_value id="700077902"/><field_value id="700077901"/><field_value id="700077900"/><field_value id="770000404"/><field_value id="770000403"/><field_value id="770000402"/><field_value id="700001046"/><field_value id="700000899"><value>na</value></field_value><field_value id="770000401"><value>1</value></field_value><field_value id="770000400"/><field_value id="700001043"/><field_value id="700000800"><value>KS91a91bd5bc038f14f5900e7231d59e923</value></field_value></entry><entry id="000000000074793"><field_value id="600000300"><value>Notification</value></field_value><field_value id="600000043"/><field_value id="600000042"/><field_value id="700008060"><value>ID28c08d6d797e81adb73f3212136fff39b</value></field_value><field_value id="700002400"/><field_value id="700073257"/><field_value id="700073251"><value>0</value></field_value><field_value id="700073250"><value>10</value></field_value><field_value id="8"><value>na</value></field_value><field_value id="7"><value>0</value></field_value><field_value id="6"><value>1410140878</value></field_value><field_value id="5"><value>Demo</value></field_value><field_value id="4"/><field_value id="3"><value>1410120586</value></field_value><field_value id="2"><value>Demo</value></field_value><field_value id="1"><value>000000000074793</value></field_value><field_value id="490000700"><value>ID000C29DAE4997qALVA_xm6MQW0sd</value></field_value><field_value id="600000091"/><field_value id="600000090"/><field_value id="700001953"/><field_value id="700000876"><value>na</value></field_value><field_value id="700000875"><value>Active</value></field_value><field_value id="700000874"><value>Inbound - Internal</value></field_value><field_value id="700000873"><value>Active</value></field_value><field_value id="700000872"><value>KSa03a2dca20a5ddac219015014c4e8af23</value></field_value><field_value id="700000871"><value>Content Status</value></field_value><field_value id="700001212"/><field_value id="179"><value>AG94531f07e77de5a45b43643c8cfe258f8</value></field_value><field_value id="700077902"/><field_value id="700077901"/><field_value id="700077900"/><field_value id="770000404"/><field_value id="770000403"/><field_value id="770000402"/><field_value id="700001046"/><field_value id="700000899"><value>na</value></field_value><field_value id="770000401"><value>1</value></field_value><field_value id="770000400"/><field_value id="700001043"/><field_value id="700000800"><value>KS91a91bd5bc038f14f5900e7231d59e923</value></field_value></entry><entry id="000000000074794"><field_value id="600000300"><value>Notification</value></field_value><field_value id="600000043"/><field_value id="600000042"/><field_value id="700008060"><value>ID29ac4063d97defee4229e4c6fc8b39fb9</value></field_value><field_value id="700002400"/><field_value id="700073257"/><field_value id="700073251"><value>0</value></field_value><field_value id="700073250"><value>9</value></field_value><field_value id="8"><value>na</value></field_value><field_value id="7"><value>0</value></field_value><field_value id="6"><value>1410140215</value></field_value><field_value id="5"><value>Demo</value></field_value><field_value id="4"/><field_value id="3"><value>1410120828</value></field_value><field_value id="2"><value>Demo</value></field_value><field_value id="1"><value>000000000074794</value></field_value><field_value id="490000700"><value>ID000C29DAE499MqMLVA3fbCMQglEd</value></field_value><field_value id="600000091"/><field_value id="600000090"/><field_value id="700001953"/><field_value id="700000876"><value>na</value></field_value><field_value id="700000875"><value>Active</value></field_value><field_value id="700000874"><value>Inbound - Internal</value></field_value><field_value id="700000873"><value>Active</value></field_value><field_value id="700000872"><value>KSb7ffe7275568e20206e0ab5ab4750b111</value></field_value><field_value id="700000871"><value>Recipient Status</value></field_value><field_value id="700001212"/><field_value id="179"><value>AG0443e1810c0c723d94330f372bcf0147b</value></field_value><field_value id="700077902"/><field_value id="700077901"/><field_value id="700077900"/><field_value id="770000404"/><field_value id="770000403"/><field_value id="770000402"/><field_value id="700001046"/><field_value id="700000899"><value>na</value></field_value><field_value id="770000401"><value>1</value></field_value><field_value id="770000400"/><field_value id="700001043"/><field_value id="700000800"><value>KS91a91bd5bc038f14f5900e7231d59e923</value></field_value></entry><entry id="000000000074795"><field_value id="600000300"><value>Notification</value></field_value><field_value id="600000043"/><field_value id="600000042"/><field_value id="700008060"><value>ID29ac4063d97defee4229e4c6fc8b39fb9</value></field_value><field_value id="700002400"/><field_value id="700073257"/><field_value id="700073251"><value>0</value></field_value><field_value id="700073250"><value>8</value></field_value><field_value id="8"><value>na</value></field_value><field_value id="7"><value>0</value></field_value><field_value id="6"><value>1410140215</value></field_value><field_value id="5"><value>Demo</value></field_value><field_value id="4"/><field_value id="3"><value>1410120839</value></field_value><field_value id="2"><value>Demo</value></field_value><field_value id="1"><value>000000000074795</value></field_value><field_value id="490000700"><value>ID000C29DAE499MqMLVA3fbCMQglEd</value></field_value><field_value id="600000091"/><field_value id="600000090"/><field_value id="700001953"/><field_value id="700000876"><value>na</value></field_value><field_value id="700000875"><value>$\NULL$</value></field_value><field_value id="700000874"><value>Inbound - Internal</value></field_value><field_value id="700000873"><value>$\NULL$</value></field_value><field_value id="700000872"><value>KS36349afea06fa3b224e9cc25d28bdf933</value></field_value><field_value id="700000871"><value>Recipient Request ID</value></field_value><field_value id="700001212"/><field_value id="179"><value>AG9850b16ca118e982d80f02f08ac622655</value></field_value><field_value id="700077902"/><field_value id="700077901"/><field_value id="700077900"/><field_value id="770000404"/><field_value id="770000403"/><field_value id="770000402"/><field_value id="700001046"/><field_value id="700000899"><value>na</value></field_value><field_value id="770000401"><value>1</value></field_value><field_value id="770000400"/><field_value id="700001043"/><field_value id="700000800"><value>KS91a91bd5bc038f14f5900e7231d59e923</value></field_value></entry><entry id="000000000074796"><field_value id="600000300"><value>Notification</value></field_value><field_value id="600000043"/><field_value id="600000042"/><field_value id="700008060"><value>IDe829bcc5a5d82be802e730ee6ff0cffe0</value></field_value><field_value id="700002400"/><field_value id="700073257"/><field_value id="700073251"><value>0</value></field_value><field_value id="700073250"><value>7</value></field_value><field_value id="8"><value>na</value></field_value><field_value id="7"><value>0</value></field_value><field_value id="6"><value>1410141174</value></field_value><field_value id="5"><value>Demo</value></field_value><field_value id="4"/><field_value id="3"><value>1410120871</value></field_value><field_value id="2"><value>Demo</value></field_value><field_value id="1"><value>000000000074796</value></field_value><field_value id="490000700"><value>ID000C29DAE499W6MLVA4pPDMQRlId</value></field_value><field_value id="600000091"/><field_value id="600000090"/><field_value id="700001953"/><field_value id="700000876"><value>na</value></field_value><field_value id="700000875"><value>$\NULL$</value></field_value><field_value id="700000874"><value>Inbound - Internal</value></field_value><field_value id="700000873"><value>$\NULL$</value></field_value><field_value id="700000872"><value>KS882be9accd943dc02818f2f2d94523f01</value></field_value><field_value id="700000871"><value>Content Request ID</value></field_value><field_value id="700001212"/><field_value id="179"><value>AGd165d9e22313ca3fc6e137d316614a5d2</value></field_value><field_value id="700077902"/><field_value id="700077901"/><field_value id="700077900"/><field_value id="770000404"/><field_value id="770000403"/><field_value id="770000402"/><field_value id="700001046"/><field_value id="700000899"><value>na</value></field_value><field_value id="770000401"><value>1</value></field_value><field_value id="770000400"/><field_value id="700001043"/><field_value id="700000800"><value>KS91a91bd5bc038f14f5900e7231d59e923</value></field_value></entry><entry id="000000000074797"><field_value id="600000300"><value>Notification</value></field_value><field_value id="600000043"/><field_value id="600000042"/><field_value id="700008060"><value>IDe829bcc5a5d82be802e730ee6ff0cffe0</value></field_value><field_value id="700002400"/><field_value id="700073257"/><field_value id="700073251"><value>0</value></field_value><field_value id="700073250"><value>2</value></field_value><field_value id="8"><value>na</value></field_value><field_value id="7"><value>0</value></field_value><field_value id="6"><value>1410141150</value></field_value><field_value id="5"><value>Demo</value></field_value><field_value id="4"/><field_value id="3"><value>1410120884</value></field_value><field_value id="2"><value>Demo</value></field_value><field_value id="1"><value>000000000074797</value></field_value><field_value id="490000700"><value>ID000C29DAE499W6MLVA4pPDMQRlId</value></field_value><field_value id="600000091"/><field_value id="600000090"/><field_value id="700001953"/><field_value id="700000876"><value>na</value></field_value><field_value id="700000875"><value>Active</value></field_value><field_value id="700000874"><value>Inbound - Internal</value></field_value><field_value id="700000873"><value>Active</value></field_value><field_value id="700000872"><value>KSa03a2dca20a5ddac219015014c4e8af23</value></field_value><field_value id="700000871"><value>Content Status</value></field_value><field_value id="700001212"/><field_value id="179"><value>AG8ece600c99ad98e7f343c645e96ceabe1</value></field_value><field_value id="700077902"/><field_value id="700077901"/><field_value id="700077900"/><field_value id="770000404"/><field_value id="770000403"/><field_value id="770000402"/><field_value id="700001046"/><field_value id="700000899"><value>na</value></field_value><field_value id="770000401"><value>1</value></field_value><field_value id="770000400"/><field_value id="700001043"/><field_value id="700000800"><value>KS91a91bd5bc038f14f5900e7231d59e923</value></field_value></entry><entry id="000000000074798"><field_value id="600000300"><value>Notification</value></field_value><field_value id="600000043"/><field_value id="600000042"/><field_value id="700008060"><value>ID29ac4063d97defee4229e4c6fc8b39fb9</value></field_value><field_value id="700002400"/><field_value id="700073257"/><field_value id="700073251"><value>0</value></field_value><field_value id="700073250"><value>3</value></field_value><field_value id="8"><value>na</value></field_value><field_value id="7"><value>0</value></field_value><field_value id="6"><value>1410140150</value></field_value><field_value id="5"><value>Demo</value></field_value><field_value id="4"/><field_value id="3"><value>1410121627</value></field_value><field_value id="2"><value>Demo</value></field_value><field_value id="1"><value>000000000074798</value></field_value><field_value id="490000700"/><field_value id="600000091"/><field_value id="600000090"/><field_value id="700001953"/><field_value id="700000876"><value>na</value></field_value><field_value id="700000875"><value>Global</value></field_value><field_value id="700000874"><value>Inbound - Internal</value></field_value><field_value id="700000873"><value>Global</value></field_value><field_value id="700000872"><value>KSfaa23b6a3a9b5c1d7ac8b8b4ebc0cc593</value></field_value><field_value id="700000871"><value>_RecipientScope</value></field_value><field_value id="700001212"/><field_value id="179"><value>AG0f3cf4caf8d96517301bdf20fe1f880b9</value></field_value><field_value id="700077902"/><field_value id="700077901"/><field_value id="700077900"/><field_value id="770000404"/><field_value id="770000403"/><field_value id="770000402"/><field_value id="700001046"/><field_value id="700000899"><value>na</value></field_value><field_value id="770000401"><value>1</value></field_value><field_value id="770000400"/><field_value id="700001043"/><field_value id="700000800"><value>KS91a91bd5bc038f14f5900e7231d59e923</value></field_value></entry><entry id="000000000074799"><field_value id="600000300"><value>Notification</value></field_value><field_value id="600000043"/><field_value id="600000042"/><field_value id="700008060"><value>IDe829bcc5a5d82be802e730ee6ff0cffe0</value></field_value><field_value id="700002400"/><field_value id="700073257"/><field_value id="700073251"><value>0</value></field_value><field_value id="700073250"><value>3</value></field_value><field_value id="8"><value>na</value></field_value><field_value id="7"><value>0</value></field_value><field_value id="6"><value>1410141147</value></field_value><field_value id="5"><value>Demo</value></field_value><field_value id="4"/><field_value id="3"><value>1410126349</value></field_value><field_value id="2"><value>Demo</value></field_value><field_value id="1"><value>000000000074799</value></field_value><field_value id="490000700"><value>ID000C29DAE499eLULVAX1gKMgqYgd</value></field_value><field_value id="600000091"/><field_value id="600000090"/><field_value id="700001953"/><field_value id="700000876"><value>na</value></field_value><field_value id="700000875"><value>Global</value></field_value><field_value id="700000874"><value>Inbound - Internal</value></field_value><field_value id="700000873"><value>Global</value></field_value><field_value id="700000872"><value>KSf397e7d7042b52afc489bdfadcfd07829</value></field_value><field_value id="700000871"><value>Notification Scope</value></field_value><field_value id="700001212"/><field_value id="179"><value>AG27c2f7cb3839000f22a0fd8c82ad152ea</value></field_value><field_value id="700077902"/><field_value id="700077901"/><field_value id="700077900"/><field_value id="770000404"/><field_value id="770000403"/><field_value id="770000402"/><field_value id="700001046"/><field_value id="700000899"><value>na</value></field_value><field_value id="770000401"><value>1</value></field_value><field_value id="770000400"/><field_value id="700001043"/><field_value id="700000800"><value>KS91a91bd5bc038f14f5900e7231d59e923</value></field_value></entry><entry id="000000000074800"><field_value id="600000300"><value>Notification</value></field_value><field_value id="600000043"/><field_value id="600000042"/><field_value id="700008060"><value>IDe829bcc5a5d82be802e730ee6ff0cffe0</value></field_value><field_value id="700002400"/><field_value id="700073257"/><field_value id="700073251"><value>0</value></field_value><field_value id="700073250"><value>5</value></field_value><field_value id="8"><value>na</value></field_value><field_value id="7"><value>0</value></field_value><field_value id="6"><value>1410141164</value></field_value><field_value id="5"><value>Demo</value></field_value><field_value id="4"/><field_value id="3"><value>1410126407</value></field_value><field_value id="2"><value>Demo</value></field_value><field_value id="1"><value>000000000074800</value></field_value><field_value id="490000700"><value>ID000C29DAE499eLULVAX1gKMgqYgd</value></field_value><field_value id="600000091"/><field_value id="600000090"/><field_value id="700001953"/><field_value id="700000876"><value>na</value></field_value><field_value id="700000875"><value>Default</value></field_value><field_value id="700000874"><value>Inbound - Internal</value></field_value><field_value id="700000873"><value>Default</value></field_value><field_value id="700000872"><value>KS751f42f0594f4147ee6134c538a179c80</value></field_value><field_value id="700000871"><value>_LanguageScope</value></field_value><field_value id="700001212"/><field_value id="179"><value>AGa9cde092f5b07f759c2b21a57a9befa73</value></field_value><field_value id="700077902"/><field_value id="700077901"/><field_value id="700077900"/><field_value id="770000404"/><field_value id="770000403"/><field_value id="770000402"/><field_value id="700001046"/><field_value id="700000899"><value>na</value></field_value><field_value id="770000401"><value>1</value></field_value><field_value id="770000400"/><field_value id="700001043"/><field_value id="700000800"><value>KS91a91bd5bc038f14f5900e7231d59e923</value></field_value></entry><entry id="000000000074801"><field_value id="600000300"><value>Notification</value></field_value><field_value id="600000043"/><field_value id="600000042"/><field_value id="700008060"><value>ID9752331f81f0adb18374add39432e750f</value></field_value><field_value id="700002400"/><field_value id="700073257"/><field_value id="700073251"><value>0</value></field_value><field_value id="700073250"><value>1</value></field_value><field_value id="8"><value>na</value></field_value><field_value id="7"><value>0</value></field_value><field_value id="6"><value>1410128987</value></field_value><field_value id="5"><value>Demo</value></field_value><field_value id="4"/><field_value id="3"><value>1410128987</value></field_value><field_value id="2"><value>Demo</value></field_value><field_value id="1"><value>000000000074801</value></field_value><field_value id="490000700"><value>KS000C29DAE499t8ILVATRM-MgQcod</value></field_value><field_value id="600000091"/><field_value id="600000090"/><field_value id="700001953"/><field_value id="700000876"><value>na</value></field_value><field_value id="700000875"><value>Default</value></field_value><field_value id="700000874"><value>Inbound - Internal</value></field_value><field_value id="700000873"><value>Default</value></field_value><field_value id="700000872"><value>KS88482aa99bc89e5740006d3434724255a</value></field_value><field_value id="700000871"><value>Recipient Language</value></field_value><field_value id="700001212"/><field_value id="179"><value>AGfee8023e8e4695b7a434ec7affdf1ff89</value></field_value><field_value id="700077902"/><field_value id="700077901"/><field_value id="700077900"/><field_value id="770000404"/><field_value id="770000403"/><field_value id="770000402"/><field_value id="700001046"/><field_value id="700000899"><value>na</value></field_value><field_value id="770000401"><value>1</value></field_value><field_value id="770000400"/><field_value id="700001043"/><field_value id="700000800"><value>KS91a91bd5bc038f14f5900e7231d59e923</value></field_value></entry><entry id="000000000074802"><field_value id="600000300"><value>Notification</value></field_value><field_value id="600000043"/><field_value id="600000042"/><field_value id="700008060"><value>ID9f3cdeffba334b39b9de5383a155db6a1</value></field_value><field_value id="700002400"/><field_value id="700073257"/><field_value id="700073251"><value>0</value></field_value><field_value id="700073250"><value>1</value></field_value><field_value id="8"><value>na</value></field_value><field_value id="7"><value>0</value></field_value><field_value id="6"><value>1410129023</value></field_value><field_value id="5"><value>Demo</value></field_value><field_value id="4"/><field_value id="3"><value>1410129023</value></field_value><field_value id="2"><value>Demo</value></field_value><field_value id="1"><value>000000000074802</value></field_value><field_value id="490000700"><value>KS000C29DAE499t8ILVATRM-MgQcod</value></field_value><field_value id="600000091"/><field_value id="600000090"/><field_value id="700001953"/><field_value id="700000876"><value>na</value></field_value><field_value id="700000875"><value>$\NULL$</value></field_value><field_value id="700000874"><value>Inbound - Internal</value></field_value><field_value id="700000873"><value>$\NULL$</value></field_value><field_value id="700000872"><value>KS88482aa99bc89e5740006d3434724255a</value></field_value><field_value id="700000871"><value>Recipient Language</value></field_value><field_value id="700001212"/><field_value id="179"><value>AG6e76de0a0adf39d42802418c0a317ae20</value></field_value><field_value id="700077902"/><field_value id="700077901"/><field_value id="700077900"/><field_value id="770000404"/><field_value id="770000403"/><field_value id="770000402"/><field_value id="700001046"/><field_value id="700000899"><value>na</value></field_value><field_value id="770000401"><value>1</value></field_value><field_value id="770000400"/><field_value id="700001043"/><field_value id="700000800"><value>KS91a91bd5bc038f14f5900e7231d59e923</value></field_value></entry><entry id="000000000074803"><field_value id="600000300"><value>Notification</value></field_value><field_value id="600000043"/><field_value id="600000042"/><field_value id="700008060"><value>IDb3a891b21bae9c10deaceff75063cc77b</value></field_value><field_value id="700002400"/><field_value id="700073257"/><field_value id="700073251"><value>0</value></field_value><field_value id="700073250"><value>1</value></field_value><field_value id="8"><value>na</value></field_value><field_value id="7"><value>0</value></field_value><field_value id="6"><value>1410129097</value></field_value><field_value id="5"><value>Demo</value></field_value><field_value id="4"/><field_value id="3"><value>1410129097</value></field_value><field_value id="2"><value>Demo</value></field_value><field_value id="1"><value>000000000074803</value></field_value><field_value id="490000700"><value>KS000C29DAE499TsMLVA0WFAMgbMwd</value></field_value><field_value id="600000091"/><field_value id="600000090"/><field_value id="700001953"/><field_value id="700000876"><value>na</value></field_value><field_value id="700000875"><value>&lt;FLD&gt;_RecipientLangua;KS784d7249d6fd1a87391ac0b4b166de1b5&lt;/FLD&gt; </value></field_value><field_value id="700000874"><value>Inbound - Internal</value></field_value><field_value id="700000873"><value>&lt;FLD&gt;_RecipientLangua;KS784d7249d6fd1a87391ac0b4b166de1b5&lt;/FLD&gt; </value></field_value><field_value id="700000872"><value>KS88482aa99bc89e5740006d3434724255a</value></field_value><field_value id="700000871"><value>Recipient Language</value></field_value><field_value id="700001212"/><field_value id="179"><value>AGa1ec1be6a8a50da9d173996a835865444</value></field_value><field_value id="700077902"/><field_value id="700077901"/><field_value id="700077900"/><field_value id="770000404"/><field_value id="770000403"/><field_value id="770000402"/><field_value id="700001046"/><field_value id="700000899"><value>na</value></field_value><field_value id="770000401"><value>1</value></field_value><field_value id="770000400"/><field_value id="700001043"/><field_value id="700000800"><value>KS91a91bd5bc038f14f5900e7231d59e923</value></field_value></entry><entry id="000000000074804"><field_value id="600000300"><value>Notification</value></field_value><field_value id="600000043"/><field_value id="600000042"/><field_value id="700008060"><value>ID29ac4063d97defee4229e4c6fc8b39fb9</value></field_value><field_value id="700002400"/><field_value id="700073257"/><field_value id="700073251"><value>0</value></field_value><field_value id="700073250"><value>5</value></field_value><field_value id="8"><value>na</value></field_value><field_value id="7"><value>0</value></field_value><field_value id="6"><value>1410140215</value></field_value><field_value id="5"><value>Demo</value></field_value><field_value id="4"/><field_value id="3"><value>1410129825</value></field_value><field_value id="2"><value>Demo</value></field_value><field_value id="1"><value>000000000074804</value></field_value><field_value id="490000700"><value>ID000C29DAE499TMYLVA3hNMMgu9gd</value></field_value><field_value id="600000091"/><field_value id="600000090"/><field_value id="700001953"/><field_value id="700000876"><value>na</value></field_value><field_value id="700000875"><value>Default</value></field_value><field_value id="700000874"><value>Inbound - Internal</value></field_value><field_value id="700000873"><value>Default</value></field_value><field_value id="700000872"><value>KSbf84b7b7d226cb94caef708e6907edc65</value></field_value><field_value id="700000871"><value>_RecipientLanguage</value></field_value><field_value id="700001212"/><field_value id="179"><value>AGe3a4011b2853e708d60a12fd2bedd76f8</value></field_value><field_value id="700077902"/><field_value id="700077901"/><field_value id="700077900"/><field_value id="770000404"/><field_value id="770000403"/><field_value id="770000402"/><field_value id="700001046"/><field_value id="700000899"><value>na</value></field_value><field_value id="770000401"><value>1</value></field_value><field_value id="770000400"/><field_value id="700001043"/><field_value id="700000800"><value>KS91a91bd5bc038f14f5900e7231d59e923</value></field_value></entry><entry id="000000000074805"><field_value id="600000300"><value>Notification</value></field_value><field_value id="600000043"/><field_value id="600000042"/><field_value id="700008060"><value>ID580964ec6f3ca06e83d757a266f592449</value></field_value><field_value id="700002400"/><field_value id="700073257"/><field_value id="700073251"><value>0</value></field_value><field_value id="700073250"><value>3</value></field_value><field_value id="8"><value>na</value></field_value><field_value id="7"><value>0</value></field_value><field_value id="6"><value>1410141038</value></field_value><field_value id="5"><value>Demo</value></field_value><field_value id="4"/><field_value id="3"><value>1410130221</value></field_value><field_value id="2"><value>Demo</value></field_value><field_value id="1"><value>000000000074805</value></field_value><field_value id="490000700"><value>ID000C29DAE4993scLVATzdSMg9uEd</value></field_value><field_value id="600000091"/><field_value id="600000090"/><field_value id="700001953"/><field_value id="700000876"><value>na</value></field_value><field_value id="700000875"><value>Default</value></field_value><field_value id="700000874"><value>Inbound - Internal</value></field_value><field_value id="700000873"><value>Default</value></field_value><field_value id="700000872"><value>KSbf84b7b7d226cb94caef708e6907edc65</value></field_value><field_value id="700000871"><value>_RecipientLanguage</value></field_value><field_value id="700001212"/><field_value id="179"><value>AG8d7623df7657e3f3bdf3b6d518b94811c</value></field_value><field_value id="700077902"/><field_value id="700077901"/><field_value id="700077900"/><field_value id="770000404"/><field_value id="770000403"/><field_value id="770000402"/><field_value id="700001046"/><field_value id="700000899"><value>na</value></field_value><field_value id="770000401"><value>1</value></field_value><field_value id="770000400"/><field_value id="700001043"/><field_value id="700000800"><value>KS91a91bd5bc038f14f5900e7231d59e923</value></field_value></entry><entry id="000000000074806"><field_value id="600000300"><value>Notification</value></field_value><field_value id="600000043"/><field_value id="600000042"/><field_value id="700008060"><value>ID28c08d6d797e81adb73f3212136fff39b</value></field_value><field_value id="700002400"/><field_value id="700073257"/><field_value id="700073251"><value>0</value></field_value><field_value id="700073250"><value>1</value></field_value><field_value id="8"><value>na</value></field_value><field_value id="7"><value>0</value></field_value><field_value id="6"><value>1410140763</value></field_value><field_value id="5"><value>Demo</value></field_value><field_value id="4"/><field_value id="3"><value>1410134070</value></field_value><field_value id="2"><value>Demo</value></field_value><field_value id="1"><value>000000000074806</value></field_value><field_value id="490000700"><value>ID000C29DAE4994tYLVAZ92MMg_x8e</value></field_value><field_value id="600000091"/><field_value id="600000090"/><field_value id="700001953"/><field_value id="700000876"><value>na</value></field_value><field_value id="700000875"><value>New Notification</value></field_value><field_value id="700000874"><value>Inbound - Internal</value></field_value><field_value id="700000873"><value>New Notification</value></field_value><field_value id="700000872"><value>KS16b648df0ddb325063dbbb9b1462ba1e7</value></field_value><field_value id="700000871"><value>Modification Type</value></field_value><field_value id="700001212"/><field_value id="179"><value>AGafd0a094283879c34d08e461fbdbd9ea1</value></field_value><field_value id="700077902"/><field_value id="700077901"/><field_value id="700077900"/><field_value id="770000404"/><field_value id="770000403"/><field_value id="770000402"/><field_value id="700001046"/><field_value id="700000899"><value>na</value></field_value><field_value id="770000401"><value>1</value></field_value><field_value id="770000400"/><field_value id="700001043"/><field_value id="700000800"><value>KS91a91bd5bc038f14f5900e7231d59e923</value></field_value></entry><entry id="000000000074807"><field_value id="600000300"><value>Notification</value></field_value><field_value id="600000043"/><field_value id="600000042"/><field_value id="700008060"><value>ID29ac4063d97defee4229e4c6fc8b39fb9</value></field_value><field_value id="700002400"/><field_value id="700073257"/><field_value id="700073251"><value>0</value></field_value><field_value id="700073250"><value>1</value></field_value><field_value id="8"><value>na</value></field_value><field_value id="7"><value>0</value></field_value><field_value id="6"><value>1410140174</value></field_value><field_value id="5"><value>Demo</value></field_value><field_value id="4"/><field_value id="3"><value>1410134094</value></field_value><field_value id="2"><value>Demo</value></field_value><field_value id="1"><value>000000000074807</value></field_value><field_value id="490000700"><value>ID000C29DAE499BNcLVAL2GNMggCAe</value></field_value><field_value id="600000091"/><field_value id="600000090"/><field_value id="700001953"/><field_value id="700000876"><value>na</value></field_value><field_value id="700000875"><value>New Recipient</value></field_value><field_value id="700000874"><value>Inbound - Internal</value></field_value><field_value id="700000873"><value>New Recipient</value></field_value><field_value id="700000872"><value>KS16b648df0ddb325063dbbb9b1462ba1e7</value></field_value><field_value id="700000871"><value>Modification Type</value></field_value><field_value id="700001212"/><field_value id="179"><value>AG09b1f59ac449571a485e1985eed1f8020</value></field_value><field_value id="700077902"/><field_value id="700077901"/><field_value id="700077900"/><field_value id="770000404"/><field_value id="770000403"/><field_value id="770000402"/><field_value id="700001046"/><field_value id="700000899"><value>na</value></field_value><field_value id="770000401"><value>1</value></field_value><field_value id="770000400"/><field_value id="700001043"/><field_value id="700000800"><value>KS91a91bd5bc038f14f5900e7231d59e923</value></field_value></entry><entry id="000000000074808"><field_value id="600000300"><value>Notification</value></field_value><field_value id="600000043"/><field_value id="600000042"/><field_value id="700008060"><value>IDe829bcc5a5d82be802e730ee6ff0cffe0</value></field_value><field_value id="700002400"/><field_value id="700073257"/><field_value id="700073251"><value>0</value></field_value><field_value id="700073250"><value>1</value></field_value><field_value id="8"><value>na</value></field_value><field_value id="7"><value>0</value></field_value><field_value id="6"><value>1410141150</value></field_value><field_value id="5"><value>Demo</value></field_value><field_value id="4"/><field_value id="3"><value>1410134117</value></field_value><field_value id="2"><value>Demo</value></field_value><field_value id="1"><value>000000000074808</value></field_value><field_value id="490000700"><value>ID000C29DAE499G9cLVAALuNMg6iAe</value></field_value><field_value id="600000091"/><field_value id="600000090"/><field_value id="700001953"/><field_value id="700000876"><value>na</value></field_value><field_value id="700000875"><value>New Content</value></field_value><field_value id="700000874"><value>Inbound - Internal</value></field_value><field_value id="700000873"><value>New Content</value></field_value><field_value id="700000872"><value>KS16b648df0ddb325063dbbb9b1462ba1e7</value></field_value><field_value id="700000871"><value>Modification Type</value></field_value><field_value id="700001212"/><field_value id="179"><value>AGfb0322afed6b4d9a826b3cc424a28e70d</value></field_value><field_value id="700077902"/><field_value id="700077901"/><field_value id="700077900"/><field_value id="770000404"/><field_value id="770000403"/><field_value id="770000402"/><field_value id="700001046"/><field_value id="700000899"><value>na</value></field_value><field_value id="770000401"><value>1</value></field_value><field_value id="770000400"/><field_value id="700001043"/><field_value id="700000800"><value>KS91a91bd5bc038f14f5900e7231d59e923</value></field_value></entry><entry id="000000000074809"><field_value id="600000300"><value>Notification</value></field_value><field_value id="600000043"/><field_value id="600000042"/><field_value id="700008060"><value>ID29ac4063d97defee4229e4c6fc8b39fb9</value></field_value><field_value id="700002400"/><field_value id="700073257"/><field_value id="700073251"><value>0</value></field_value><field_value id="700073250"><value>6</value></field_value><field_value id="8"><value>na</value></field_value><field_value id="7"><value>0</value></field_value><field_value id="6"><value>1410140215</value></field_value><field_value id="5"><value>Demo</value></field_value><field_value id="4"/><field_value id="3"><value>1410140138</value></field_value><field_value id="2"><value>Demo</value></field_value><field_value id="1"><value>000000000074809</value></field_value><field_value id="490000700"><value>ID000C29DAE499ee4LVAWgTpMgY2Ie</value></field_value><field_value id="600000091"/><field_value id="600000090"/><field_value id="700001953"/><field_value id="700000876"><value>na</value></field_value><field_value id="700000875"><value>Default</value></field_value><field_value id="700000874"><value>Inbound - Internal</value></field_value><field_value id="700000873"><value>Default</value></field_value><field_value id="700000872"><value>KS88482aa99bc89e5740006d3434724255a</value></field_value><field_value id="700000871"><value>Recipient Language</value></field_value><field_value id="700001212"/><field_value id="179"><value>AG98818c1af9ab2f29256278839364ad7e1</value></field_value><field_value id="700077902"/><field_value id="700077901"/><field_value id="700077900"/><field_value id="770000404"/><field_value id="770000403"/><field_value id="770000402"/><field_value id="700001046"/><field_value id="700000899"><value>na</value></field_value><field_value id="770000401"><value>1</value></field_value><field_value id="770000400"/><field_value id="700001043"/><field_value id="700000800"><value>KS91a91bd5bc038f14f5900e7231d59e923</value></field_value></entry><entry id="000000000074810"><field_value id="600000300"><value>Notification</value></field_value><field_value id="600000043"/><field_value id="600000042"/><field_value id="700008060"><value>ID29ac4063d97defee4229e4c6fc8b39fb9</value></field_value><field_value id="700002400"/><field_value id="700073257"/><field_value id="700073251"><value>0</value></field_value><field_value id="700073250"><value>4</value></field_value><field_value id="8"><value>na</value></field_value><field_value id="7"><value>0</value></field_value><field_value id="6"><value>1410140214</value></field_value><field_value id="5"><value>Demo</value></field_value><field_value id="4"/><field_value id="3"><value>1410140214</value></field_value><field_value id="2"><value>Demo</value></field_value><field_value id="1"><value>000000000074810</value></field_value><field_value id="490000700"><value>ID000C29DAE499ee4LVAWgTpMgY2Ie</value></field_value><field_value id="600000091"/><field_value id="600000090"/><field_value id="700001953"/><field_value id="700000876"><value>na</value></field_value><field_value id="700000875"><value>Global</value></field_value><field_value id="700000874"><value>Inbound - Internal</value></field_value><field_value id="700000873"><value>Global</value></field_value><field_value id="700000872"><value>KSfc6a9ef1733f56fb238aabdc3352f1f97</value></field_value><field_value id="700000871"><value>Recipient Scope</value></field_value><field_value id="700001212"/><field_value id="179"><value>AGabacca301fd1c0ce80dd50a84c14edbaa</value></field_value><field_value id="700077902"/><field_value id="700077901"/><field_value id="700077900"/><field_value id="770000404"/><field_value id="770000403"/><field_value id="770000402"/><field_value id="700001046"/><field_value id="700000899"><value>na</value></field_value><field_value id="770000401"><value>1</value></field_value><field_value id="770000400"/><field_value id="700001043"/><field_value id="700000800"><value>KS91a91bd5bc038f14f5900e7231d59e923</value></field_value></entry><entry id="000000000074811"><field_value id="600000300"><value>Notification</value></field_value><field_value id="600000043"/><field_value id="600000042"/><field_value id="700008060"><value>ID28c08d6d797e81adb73f3212136fff39b</value></field_value><field_value id="700002400"/><field_value id="700073257"/><field_value id="700073251"><value>0</value></field_value><field_value id="700073250"><value>4</value></field_value><field_value id="8"><value>na</value></field_value><field_value id="7"><value>0</value></field_value><field_value id="6"><value>1410140864</value></field_value><field_value id="5"><value>Demo</value></field_value><field_value id="4"/><field_value id="3"><value>1410140864</value></field_value><field_value id="2"><value>Demo</value></field_value><field_value id="1"><value>000000000074811</value></field_value><field_value id="490000700"><value>ID000C29DAE4990fALVAfyzyMgHG4e</value></field_value><field_value id="600000091"/><field_value id="600000090"/><field_value id="700001953"/><field_value id="700000876"><value>na</value></field_value><field_value id="700000875"><value>Global</value></field_value><field_value id="700000874"><value>Inbound - Internal</value></field_value><field_value id="700000873"><value>Global</value></field_value><field_value id="700000872"><value>KS448d768e5425db6c1f20def862521d559</value></field_value><field_value id="700000871"><value>Scope</value></field_value><field_value id="700001212"/><field_value id="179"><value>AGc126b2d39b934487c38c1878353c0c7d1</value></field_value><field_value id="700077902"/><field_value id="700077901"/><field_value id="700077900"/><field_value id="770000404"/><field_value id="770000403"/><field_value id="770000402"/><field_value id="700001046"/><field_value id="700000899"><value>na</value></field_value><field_value id="770000401"><value>1</value></field_value><field_value id="770000400"/><field_value id="700001043"/><field_value id="700000800"><value>KS91a91bd5bc038f14f5900e7231d59e923</value></field_value></entry><entry id="000000000074812"><field_value id="600000300"><value>Notification</value></field_value><field_value id="600000043"/><field_value id="600000042"/><field_value id="700008060"><value>ID28c08d6d797e81adb73f3212136fff39b</value></field_value><field_value id="700002400"/><field_value id="700073257"/><field_value id="700073251"><value>0</value></field_value><field_value id="700073250"><value>6</value></field_value><field_value id="8"><value>na</value></field_value><field_value id="7"><value>0</value></field_value><field_value id="6"><value>1410140878</value></field_value><field_value id="5"><value>Demo</value></field_value><field_value id="4"/><field_value id="3"><value>1410140878</value></field_value><field_value id="2"><value>Demo</value></field_value><field_value id="1"><value>000000000074812</value></field_value><field_value id="490000700"><value>ID000C29DAE4990fALVAfyzyMgHG4e</value></field_value><field_value id="600000091"/><field_value id="600000090"/><field_value id="700001953"/><field_value id="700000876"><value>na</value></field_value><field_value id="700000875"><value>Default</value></field_value><field_value id="700000874"><value>Inbound - Internal</value></field_value><field_value id="700000873"><value>Default</value></field_value><field_value id="700000872"><value>KS09b3013a1a79e856363d0af75fe8f11bf</value></field_value><field_value id="700000871"><value>Language</value></field_value><field_value id="700001212"/><field_value id="179"><value>AGc3c6a5298e29bd3db50f85131d433f45b</value></field_value><field_value id="700077902"/><field_value id="700077901"/><field_value id="700077900"/><field_value id="770000404"/><field_value id="770000403"/><field_value id="770000402"/><field_value id="700001046"/><field_value id="700000899"><value>na</value></field_value><field_value id="770000401"><value>1</value></field_value><field_value id="770000400"/><field_value id="700001043"/><field_value id="700000800"><value>KS91a91bd5bc038f14f5900e7231d59e923</value></field_value></entry><entry id="000000000074813"><field_value id="600000300"><value>Notification</value></field_value><field_value id="600000043"/><field_value id="600000042"/><field_value id="700008060"><value>ID580964ec6f3ca06e83d757a266f592449</value></field_value><field_value id="700002400"/><field_value id="700073257"/><field_value id="700073251"><value>0</value></field_value><field_value id="700073250"><value>2</value></field_value><field_value id="8"><value>na</value></field_value><field_value id="7"><value>0</value></field_value><field_value id="6"><value>1410141037</value></field_value><field_value id="5"><value>Demo</value></field_value><field_value id="4"/><field_value id="3"><value>1410141037</value></field_value><field_value id="2"><value>Demo</value></field_value><field_value id="1"><value>000000000074813</value></field_value><field_value id="490000700"><value>ID000C29DAE499IvILVAN033MgrHUe</value></field_value><field_value id="600000091"/><field_value id="600000090"/><field_value id="700001953"/><field_value id="700000876"><value>na</value></field_value><field_value id="700000875"><value>Global</value></field_value><field_value id="700000874"><value>Inbound - Internal</value></field_value><field_value id="700000873"><value>Global</value></field_value><field_value id="700000872"><value>KSfc6a9ef1733f56fb238aabdc3352f1f97</value></field_value><field_value id="700000871"><value>Recipient Scope</value></field_value><field_value id="700001212"/><field_value id="179"><value>AGae4087bd2dc1df75d9de68343ee87f571</value></field_value><field_value id="700077902"/><field_value id="700077901"/><field_value id="700077900"/><field_value id="770000404"/><field_value id="770000403"/><field_value id="770000402"/><field_value id="700001046"/><field_value id="700000899"><value>na</value></field_value><field_value id="770000401"><value>1</value></field_value><field_value id="770000400"/><field_value id="700001043"/><field_value id="700000800"><value>KS91a91bd5bc038f14f5900e7231d59e923</value></field_value></entry><entry id="000000000074814"><field_value id="600000300"><value>Notification</value></field_value><field_value id="600000043"/><field_value id="600000042"/><field_value id="700008060"><value>ID580964ec6f3ca06e83d757a266f592449</value></field_value><field_value id="700002400"/><field_value id="700073257"/><field_value id="700073251"><value>0</value></field_value><field_value id="700073250"><value>4</value></field_value><field_value id="8"><value>na</value></field_value><field_value id="7"><value>0</value></field_value><field_value id="6"><value>1410141049</value></field_value><field_value id="5"><value>Demo</value></field_value><field_value id="4"/><field_value id="3"><value>1410141049</value></field_value><field_value id="2"><value>Demo</value></field_value><field_value id="1"><value>000000000074814</value></field_value><field_value id="490000700"><value>ID000C29DAE499IvILVAN033MgrHUe</value></field_value><field_value id="600000091"/><field_value id="600000090"/><field_value id="700001953"/><field_value id="700000876"><value>na</value></field_value><field_value id="700000875"><value>Default</value></field_value><field_value id="700000874"><value>Inbound - Internal</value></field_value><field_value id="700000873"><value>Default</value></field_value><field_value id="700000872"><value>KS88482aa99bc89e5740006d3434724255a</value></field_value><field_value id="700000871"><value>Recipient Language</value></field_value><field_value id="700001212"/><field_value id="179"><value>AGf0b4a52c8cf7df897eb38754da7e8ddf2</value></field_value><field_value id="700077902"/><field_value id="700077901"/><field_value id="700077900"/><field_value id="770000404"/><field_value id="770000403"/><field_value id="770000402"/><field_value id="700001046"/><field_value id="700000899"><value>na</value></field_value><field_value id="770000401"><value>1</value></field_value><field_value id="770000400"/><field_value id="700001043"/><field_value id="700000800"><value>KS91a91bd5bc038f14f5900e7231d59e923</value></field_value></entry><entry id="000000000074815"><field_value id="600000300"><value>Notification</value></field_value><field_value id="600000043"/><field_value id="600000042"/><field_value id="700008060"><value>IDe829bcc5a5d82be802e730ee6ff0cffe0</value></field_value><field_value id="700002400"/><field_value id="700073257"/><field_value id="700073251"><value>0</value></field_value><field_value id="700073250"><value>4</value></field_value><field_value id="8"><value>na</value></field_value><field_value id="7"><value>0</value></field_value><field_value id="6"><value>1410141163</value></field_value><field_value id="5"><value>Demo</value></field_value><field_value id="4"/><field_value id="3"><value>1410141163</value></field_value><field_value id="2"><value>Demo</value></field_value><field_value id="1"><value>000000000074815</value></field_value><field_value id="490000700"><value>ID000C29DAE499kvILVAQAT5MgYXge</value></field_value><field_value id="600000091"/><field_value id="600000090"/><field_value id="700001953"/><field_value id="700000876"><value>na</value></field_value><field_value id="700000875"><value>Global</value></field_value><field_value id="700000874"><value>Inbound - Internal</value></field_value><field_value id="700000873"><value>Global</value></field_value><field_value id="700000872"><value>KS448d768e5425db6c1f20def862521d559</value></field_value><field_value id="700000871"><value>Scope</value></field_value><field_value id="700001212"/><field_value id="179"><value>AG32dacd554400714b34bd069f6142cad68</value></field_value><field_value id="700077902"/><field_value id="700077901"/><field_value id="700077900"/><field_value id="770000404"/><field_value id="770000403"/><field_value id="770000402"/><field_value id="700001046"/><field_value id="700000899"><value>na</value></field_value><field_value id="770000401"><value>1</value></field_value><field_value id="770000400"/><field_value id="700001043"/><field_value id="700000800"><value>KS91a91bd5bc038f14f5900e7231d59e923</value></field_value></entry><entry id="000000000074816"><field_value id="600000300"><value>Notification</value></field_value><field_value id="600000043"/><field_value id="600000042"/><field_value id="700008060"><value>IDe829bcc5a5d82be802e730ee6ff0cffe0</value></field_value><field_value id="700002400"/><field_value id="700073257"/><field_value id="700073251"><value>0</value></field_value><field_value id="700073250"><value>6</value></field_value><field_value id="8"><value>na</value></field_value><field_value id="7"><value>0</value></field_value><field_value id="6"><value>1410141174</value></field_value><field_value id="5"><value>Demo</value></field_value><field_value id="4"/><field_value id="3"><value>1410141174</value></field_value><field_value id="2"><value>Demo</value></field_value><field_value id="1"><value>000000000074816</value></field_value><field_value id="490000700"><value>ID000C29DAE499kvILVAQAT5MgYXge</value></field_value><field_value id="600000091"/><field_value id="600000090"/><field_value id="700001953"/><field_value id="700000876"><value>na</value></field_value><field_value id="700000875"><value>Default</value></field_value><field_value id="700000874"><value>Inbound - Internal</value></field_value><field_value id="700000873"><value>Default</value></field_value><field_value id="700000872"><value>KS09b3013a1a79e856363d0af75fe8f11bf</value></field_value><field_value id="700000871"><value>Language</value></field_value><field_value id="700001212"/><field_value id="179"><value>AG5d6afe8c97aab163e20a5ee78a1337954</value></field_value><field_value id="700077902"/><field_value id="700077901"/><field_value id="700077900"/><field_value id="770000404"/><field_value id="770000403"/><field_value id="770000402"/><field_value id="700001046"/><field_value id="700000899"><value>na</value></field_value><field_value id="770000401"><value>1</value></field_value><field_value id="770000400"/><field_value id="700001043"/><field_value id="700000800"><value>KS91a91bd5bc038f14f5900e7231d59e923</value></field_value></entry><entry id="000000000074817"><field_value id="600000300"><value>Notification</value></field_value><field_value id="600000043"/><field_value id="600000042"/><field_value id="700008060"><value>ID341ca540966f17ee68cbacf44ca678d8d</value></field_value><field_value id="700002400"/><field_value id="700073257"/><field_value id="700073251"><value>0</value></field_value><field_value id="700073250"><value>1</value></field_value><field_value id="8"><value>na</value></field_value><field_value id="7"><value>0</value></field_value><field_value id="6"><value>1410145012</value></field_value><field_value id="5"><value>Demo</value></field_value><field_value id="4"/><field_value id="3"><value>1410145012</value></field_value><field_value id="2"><value>Demo</value></field_value><field_value id="1"><value>000000000074817</value></field_value><field_value id="490000700"><value>KS000C29DAE499gAEMVAMlczMwzbce</value></field_value><field_value id="600000091"/><field_value id="600000090"/><field_value id="700001953"/><field_value id="700000876"><value>na</value></field_value><field_value id="700000875"><value>$\NULL$</value></field_value><field_value id="700000874"><value>Inbound - Internal</value></field_value><field_value id="700000873"><value>$\NULL$</value></field_value><field_value id="700000872"><value>KS16b648df0ddb325063dbbb9b1462ba1e7</value></field_value><field_value id="700000871"><value>Modification Type</value></field_value><field_value id="700001212"/><field_value id="179"><value>AG30db7b43448541ef44771899e0f8e281a</value></field_value><field_value id="700077902"/><field_value id="700077901"/><field_value id="700077900"/><field_value id="770000404"/><field_value id="770000403"/><field_value id="770000402"/><field_value id="700001046"/><field_value id="700000899"><value>na</value></field_value><field_value id="770000401"><value>1</value></field_value><field_value id="770000400"/><field_value id="700001043"/><field_value id="700000800"><value>KS91a91bd5bc038f14f5900e7231d59e923</value></field_value></entry></instance></xform></arsystem_xml_report>