<?xml version="1.0" encoding="UTF-8"?>
<arsystem_xml_report><xform id="KS_SRV_DynAnswerHideShow_Items" remedy="http://www.w3.org/2000/xforms"><instance><field-info><field><name>AnswerValueItemInstanceId_DEPR</name><id>700001003</id><type>CHAR</type></field><field><name>ItemName</name><id>700001002</id><type>CHAR</type></field><field><name>ItemInstanceID</name><id>700001001</id><type>CHAR</type></field><field><name>SurveyInstanceID</name><id>700000850</id><type>CHAR</type></field><field><name>QuestionInstanceID</name><id>700000230</id><type>CHAR</type></field><field><name>_EventInstanceID</name><id>700004956</id><type>CHAR</type></field><field><name>Type</name><id>700001000</id><type>ENUM</type></field><field><name>_Element_ID</name><id>700004955</id><type>CHAR</type></field><field><name>EventInstanceID</name><id>536870917</id><type>CHAR</type></field><field><name>Element_Type</name><id>700001202</id><type>ENUM</type></field><field><name>Element_ID</name><id>536870913</id><type>CHAR</type></field><field><name>_OrigAnswerValueInstanceID</name><id>700001048</id><type>CHAR</type></field><field><name>CloneSourceSurveyInstanceID</name><id>700001047</id><type>CHAR</type></field><field><name>CloneSourceInstanceID</name><id>700001046</id><type>CHAR</type></field><field><name>CloneSourceQuestionInstanceID</name><id>700001045</id><type>CHAR</type></field><field><name>_OrigItemInstanceID</name><id>700001044</id><type>CHAR</type></field><field><name>_ActionThree</name><id>700001043</id><type>CHAR</type></field><field><name>OperationID</name><id>490000700</id><type>CHAR</type></field><field><name>_Multi-Purpose2</name><id>600000091</id><type>CHAR</type></field><field><name>instanceid</name><id>179</id><type>CHAR</type></field><field><name>_Multi-Purpose</name><id>600000090</id><type>CHAR</type></field><field><name>Short Description</name><id>8</id><type>CHAR</type></field><field><name>Status</name><id>7</id><type>ENUM</type></field><field><name>Modified Date</name><id>6</id><type>TIME</type></field><field><name>_ActionTwo</name><id>600000043</id><type>CHAR</type></field><field><name>Last Modified By</name><id>5</id><type>CHAR</type></field><field><name>Assigned To</name><id>4</id><type>CHAR</type></field><field><name>_ActionOne</name><id>600000042</id><type>CHAR</type></field><field><name>Create Date</name><id>3</id><type>TIME</type></field><field><name>Submitter</name><id>2</id><type>CHAR</type></field><field><name>Request ID</name><id>1</id><type>CHAR</type></field></field-info><entry id="000000000026811"><field_value id="700001003"/><field_value id="700001002"><value>Recipient Value</value></field_value><field_value id="700001001"/><field_value id="700000850"><value>KS91a91bd5bc038f14f5900e7231d59e923</value></field_value><field_value id="700000230"><value>KSd23731a4cb54632f772105c94c4f936ec</value></field_value><field_value id="700004956"/><field_value id="700001000"><value>1</value></field_value><field_value id="700004955"/><field_value id="536870917"><value>ID8391e475a92e2161ebd86273901b53c68</value></field_value><field_value id="700001202"><value>2</value></field_value><field_value id="536870913"><value>QLAYER_KS650ea40d925aa59fe8210fe437c2a58b7</value></field_value><field_value id="700001048"/><field_value id="700001047"/><field_value id="700001046"/><field_value id="700001045"/><field_value id="700001044"/><field_value id="700001043"/><field_value id="490000700"/><field_value id="600000091"/><field_value id="179"><value>AG295f46f148de4812ad7f8bbd9af3f6968</value></field_value><field_value id="600000090"/><field_value id="8"><value>na</value></field_value><field_value id="7"><value>1</value></field_value><field_value id="6"><value>1409881653</value></field_value><field_value id="600000043"/><field_value id="5"><value>Demo</value></field_value><field_value id="4"/><field_value id="600000042"/><field_value id="3"><value>1409881644</value></field_value><field_value id="2"><value>Demo</value></field_value><field_value id="1"><value>000000000026811</value></field_value></entry><entry id="000000000026812"><field_value id="700001003"/><field_value id="700001002"><value>_LanguageSelection</value></field_value><field_value id="700001001"/><field_value id="700000850"><value>KS91a91bd5bc038f14f5900e7231d59e923</value></field_value><field_value id="700000230"><value>KS751f42f0594f4147ee6134c538a179c80</value></field_value><field_value id="700004956"/><field_value id="700001000"><value>0</value></field_value><field_value id="700004955"/><field_value id="536870917"><value>ID25e7700b3140ec7fa2bffdcd60a31b80a</value></field_value><field_value id="700001202"><value>2</value></field_value><field_value id="536870913"><value>QLAYER_KS2762329287dad837885a4fb41c44fb198</value></field_value><field_value id="700001048"/><field_value id="700001047"/><field_value id="700001046"/><field_value id="700001045"/><field_value id="700001044"/><field_value id="700001043"/><field_value id="490000700"/><field_value id="600000091"/><field_value id="179"><value>AG7f570df950be886b5d70712246650bf14</value></field_value><field_value id="600000090"/><field_value id="8"><value>na</value></field_value><field_value id="7"><value>1</value></field_value><field_value id="6"><value>1409883141</value></field_value><field_value id="600000043"/><field_value id="5"><value>Demo</value></field_value><field_value id="4"/><field_value id="600000042"/><field_value id="3"><value>1409883116</value></field_value><field_value id="2"><value>Demo</value></field_value><field_value id="1"><value>000000000026812</value></field_value></entry><entry id="000000000026813"><field_value id="700001003"/><field_value id="700001002"><value>_LanguageSelection</value></field_value><field_value id="700001001"/><field_value id="700000850"><value>KS91a91bd5bc038f14f5900e7231d59e923</value></field_value><field_value id="700000230"><value>KS751f42f0594f4147ee6134c538a179c80</value></field_value><field_value id="700004956"/><field_value id="700001000"><value>1</value></field_value><field_value id="700004955"/><field_value id="536870917"><value>ID04d7c46a33a791cd4137f9f63d0f168ff</value></field_value><field_value id="700001202"><value>2</value></field_value><field_value id="536870913"><value>QLAYER_KS2762329287dad837885a4fb41c44fb198</value></field_value><field_value id="700001048"/><field_value id="700001047"/><field_value id="700001046"/><field_value id="700001045"/><field_value id="700001044"/><field_value id="700001043"/><field_value id="490000700"/><field_value id="600000091"/><field_value id="179"><value>AG6427ef6b127a280aec2d1197d9e9b621c</value></field_value><field_value id="600000090"/><field_value id="8"><value>na</value></field_value><field_value id="7"><value>1</value></field_value><field_value id="6"><value>1409883141</value></field_value><field_value id="600000043"/><field_value id="5"><value>Demo</value></field_value><field_value id="4"/><field_value id="600000042"/><field_value id="3"><value>1409883137</value></field_value><field_value id="2"><value>Demo</value></field_value><field_value id="1"><value>000000000026813</value></field_value></entry><entry id="000000000026814"><field_value id="700001003"/><field_value id="700001002"><value>Content Section</value></field_value><field_value id="700001001"/><field_value id="700000850"><value>KS91a91bd5bc038f14f5900e7231d59e923</value></field_value><field_value id="700000230"><value>KS0fe8fabf27daeda160e80bd0a679aaaf0</value></field_value><field_value id="700004956"/><field_value id="700001000"><value>1</value></field_value><field_value id="700004955"/><field_value id="536870917"><value>ID4ec3bccf8d8d4187668b5d977097b64e7</value></field_value><field_value id="700001202"><value>1</value></field_value><field_value id="536870913"><value>SECTION_KSaa973c5b30986e7231bbf180acd0555ef</value></field_value><field_value id="700001048"/><field_value id="700001047"/><field_value id="700001046"/><field_value id="700001045"/><field_value id="700001044"/><field_value id="700001043"/><field_value id="490000700"/><field_value id="600000091"/><field_value id="179"><value>AG0a9806b2934a9b418dc0c0c3121a746f4</value></field_value><field_value id="600000090"/><field_value id="8"><value>na</value></field_value><field_value id="7"><value>0</value></field_value><field_value id="6"><value>1409943211</value></field_value><field_value id="600000043"/><field_value id="5"><value>Demo</value></field_value><field_value id="4"/><field_value id="600000042"/><field_value id="3"><value>1409943195</value></field_value><field_value id="2"><value>Demo</value></field_value><field_value id="1"><value>000000000026814</value></field_value></entry><entry id="000000000026815"><field_value id="700001003"/><field_value id="700001002"><value>Recipient Section</value></field_value><field_value id="700001001"/><field_value id="700000850"><value>KS91a91bd5bc038f14f5900e7231d59e923</value></field_value><field_value id="700000230"><value>KS0fe8fabf27daeda160e80bd0a679aaaf0</value></field_value><field_value id="700004956"/><field_value id="700001000"><value>1</value></field_value><field_value id="700004955"/><field_value id="536870917"><value>ID4ec3bccf8d8d4187668b5d977097b64e7</value></field_value><field_value id="700001202"><value>1</value></field_value><field_value id="536870913"><value>SECTION_KSa5d60db5ae73cc067b68e0cc74ceff388</value></field_value><field_value id="700001048"/><field_value id="700001047"/><field_value id="700001046"/><field_value id="700001045"/><field_value id="700001044"/><field_value id="700001043"/><field_value id="490000700"/><field_value id="600000091"/><field_value id="179"><value>AG46e8c049d9f290ced4f9d40b7df9d8683</value></field_value><field_value id="600000090"/><field_value id="8"><value>na</value></field_value><field_value id="7"><value>0</value></field_value><field_value id="6"><value>1409943211</value></field_value><field_value id="600000043"/><field_value id="5"><value>Demo</value></field_value><field_value id="4"/><field_value id="600000042"/><field_value id="3"><value>1409943200</value></field_value><field_value id="2"><value>Demo</value></field_value><field_value id="1"><value>000000000026815</value></field_value></entry><entry id="000000000026816"><field_value id="700001003"/><field_value id="700001002"><value>_NotificationScopeSelection</value></field_value><field_value id="700001001"/><field_value id="700000850"><value>KS91a91bd5bc038f14f5900e7231d59e923</value></field_value><field_value id="700000230"><value>KSf397e7d7042b52afc489bdfadcfd07829</value></field_value><field_value id="700004956"/><field_value id="700001000"><value>0</value></field_value><field_value id="700004955"/><field_value id="536870917"><value>ID83663c5541d6af38284829fdbf132ad36</value></field_value><field_value id="700001202"><value>2</value></field_value><field_value id="536870913"><value>QLAYER_KSf194a62bc6a78c7f04f1b055fbe108c86</value></field_value><field_value id="700001048"/><field_value id="700001047"/><field_value id="700001046"/><field_value id="700001045"/><field_value id="700001044"/><field_value id="700001043"/><field_value id="490000700"/><field_value id="600000091"/><field_value id="179"><value>AG00787f39769abf7896b6c77433ba6a8d9</value></field_value><field_value id="600000090"/><field_value id="8"><value>na</value></field_value><field_value id="7"><value>1</value></field_value><field_value id="6"><value>1410086967</value></field_value><field_value id="600000043"/><field_value id="5"><value>Demo</value></field_value><field_value id="4"/><field_value id="600000042"/><field_value id="3"><value>1410086896</value></field_value><field_value id="2"><value>Demo</value></field_value><field_value id="1"><value>000000000026816</value></field_value></entry><entry id="000000000026817"><field_value id="700001003"/><field_value id="700001002"><value>_NotificationScopeSelection</value></field_value><field_value id="700001001"/><field_value id="700000850"><value>KS91a91bd5bc038f14f5900e7231d59e923</value></field_value><field_value id="700000230"><value>KSf397e7d7042b52afc489bdfadcfd07829</value></field_value><field_value id="700004956"/><field_value id="700001000"><value>1</value></field_value><field_value id="700004955"/><field_value id="536870917"><value>ID0e3fdc17090d565dd5c1c0cfbf8ed4492</value></field_value><field_value id="700001202"><value>2</value></field_value><field_value id="536870913"><value>QLAYER_KSf194a62bc6a78c7f04f1b055fbe108c86</value></field_value><field_value id="700001048"/><field_value id="700001047"/><field_value id="700001046"/><field_value id="700001045"/><field_value id="700001044"/><field_value id="700001043"/><field_value id="490000700"/><field_value id="600000091"/><field_value id="179"><value>AG81c93519355860e256690fb560117e5b8</value></field_value><field_value id="600000090"/><field_value id="8"><value>na</value></field_value><field_value id="7"><value>1</value></field_value><field_value id="6"><value>1410086967</value></field_value><field_value id="600000043"/><field_value id="5"><value>Demo</value></field_value><field_value id="4"/><field_value id="600000042"/><field_value id="3"><value>1410086932</value></field_value><field_value id="2"><value>Demo</value></field_value><field_value id="1"><value>000000000026817</value></field_value></entry><entry id="000000000026818"><field_value id="700001003"/><field_value id="700001002"><value>Notification Name Section</value></field_value><field_value id="700001001"/><field_value id="700000850"><value>KS91a91bd5bc038f14f5900e7231d59e923</value></field_value><field_value id="700000230"><value>KS0fe8fabf27daeda160e80bd0a679aaaf0</value></field_value><field_value id="700004956"/><field_value id="700001000"><value>1</value></field_value><field_value id="700004955"/><field_value id="536870917"><value>ID090c7526926da4fdace977a30fbf1aabc</value></field_value><field_value id="700001202"><value>1</value></field_value><field_value id="536870913"><value>SECTION_KS6d08500a61f84a5e0662ca7d6f9c2a0a0</value></field_value><field_value id="700001048"/><field_value id="700001047"/><field_value id="700001046"/><field_value id="700001045"/><field_value id="700001044"/><field_value id="700001043"/><field_value id="490000700"/><field_value id="600000091"/><field_value id="179"><value>AG56df8dd8b129b4d9c302a44f7e7874bff</value></field_value><field_value id="600000090"/><field_value id="8"><value>na</value></field_value><field_value id="7"><value>0</value></field_value><field_value id="6"><value>1410088337</value></field_value><field_value id="600000043"/><field_value id="5"><value>Demo</value></field_value><field_value id="4"/><field_value id="600000042"/><field_value id="3"><value>1410088333</value></field_value><field_value id="2"><value>Demo</value></field_value><field_value id="1"><value>000000000026818</value></field_value></entry><entry id="000000000026819"><field_value id="700001003"/><field_value id="700001002"><value>Content Section</value></field_value><field_value id="700001001"/><field_value id="700000850"><value>KS91a91bd5bc038f14f5900e7231d59e923</value></field_value><field_value id="700000230"><value>KS43d0fb80f2f031ce010318caf7dacc1d7</value></field_value><field_value id="700004956"/><field_value id="700001000"><value>1</value></field_value><field_value id="700004955"/><field_value id="536870917"><value>ID3024babd835cae24c8e9e6555443837a2</value></field_value><field_value id="700001202"><value>1</value></field_value><field_value id="536870913"><value>SECTION_KSaa973c5b30986e7231bbf180acd0555ef</value></field_value><field_value id="700001048"/><field_value id="700001047"/><field_value id="700001046"/><field_value id="700001045"/><field_value id="700001044"/><field_value id="700001043"/><field_value id="490000700"/><field_value id="600000091"/><field_value id="179"><value>AG767d0c44f4e83c3c5c641b4f47f94db1e</value></field_value><field_value id="600000090"/><field_value id="8"><value>na</value></field_value><field_value id="7"><value>0</value></field_value><field_value id="6"><value>1410088744</value></field_value><field_value id="600000043"/><field_value id="5"><value>Demo</value></field_value><field_value id="4"/><field_value id="600000042"/><field_value id="3"><value>1410088737</value></field_value><field_value id="2"><value>Demo</value></field_value><field_value id="1"><value>000000000026819</value></field_value></entry><entry id="000000000026820"><field_value id="700001003"/><field_value id="700001002"><value>Recipient Section</value></field_value><field_value id="700001001"/><field_value id="700000850"><value>KS91a91bd5bc038f14f5900e7231d59e923</value></field_value><field_value id="700000230"><value>KS4e4f7cd1c53e05ccd2cb68d3d1891a596</value></field_value><field_value id="700004956"/><field_value id="700001000"><value>1</value></field_value><field_value id="700004955"/><field_value id="536870917"><value>IDc4e7a2d3d50b3c3f0dd1dd3f64db20065</value></field_value><field_value id="700001202"><value>1</value></field_value><field_value id="536870913"><value>SECTION_KSa5d60db5ae73cc067b68e0cc74ceff388</value></field_value><field_value id="700001048"/><field_value id="700001047"/><field_value id="700001046"/><field_value id="700001045"/><field_value id="700001044"/><field_value id="700001043"/><field_value id="490000700"/><field_value id="600000091"/><field_value id="179"><value>AG8f01df252cceaf5ad25fdf24a12160446</value></field_value><field_value id="600000090"/><field_value id="8"><value>na</value></field_value><field_value id="7"><value>0</value></field_value><field_value id="6"><value>1410088790</value></field_value><field_value id="600000043"/><field_value id="5"><value>Demo</value></field_value><field_value id="4"/><field_value id="600000042"/><field_value id="3"><value>1410088786</value></field_value><field_value id="2"><value>Demo</value></field_value><field_value id="1"><value>000000000026820</value></field_value></entry><entry id="000000000026821"><field_value id="700001003"/><field_value id="700001002"><value>Predefined Recipient</value></field_value><field_value id="700001001"/><field_value id="700000850"><value>KS91a91bd5bc038f14f5900e7231d59e923</value></field_value><field_value id="700000230"><value>KS4e4f7cd1c53e05ccd2cb68d3d1891a596</value></field_value><field_value id="700004956"/><field_value id="700001000"><value>1</value></field_value><field_value id="700004955"/><field_value id="536870917"><value>ID220b8d67c9f0c819cf684a6be4104d582</value></field_value><field_value id="700001202"><value>2</value></field_value><field_value id="536870913"><value>QLAYER_KSaacd7e4dedc98ecf90c9605986f28adba</value></field_value><field_value id="700001048"/><field_value id="700001047"/><field_value id="700001046"/><field_value id="700001045"/><field_value id="700001044"/><field_value id="700001043"/><field_value id="490000700"/><field_value id="600000091"/><field_value id="179"><value>AGf0f5f44815696dea5ddc048dd78e0884f</value></field_value><field_value id="600000090"/><field_value id="8"><value>na</value></field_value><field_value id="7"><value>0</value></field_value><field_value id="6"><value>1410089195</value></field_value><field_value id="600000043"/><field_value id="5"><value>Demo</value></field_value><field_value id="4"/><field_value id="600000042"/><field_value id="3"><value>1410089163</value></field_value><field_value id="2"><value>Demo</value></field_value><field_value id="1"><value>000000000026821</value></field_value></entry><entry id="000000000026822"><field_value id="700001003"/><field_value id="700001002"><value>Predefined Recipient</value></field_value><field_value id="700001001"/><field_value id="700000850"><value>KS91a91bd5bc038f14f5900e7231d59e923</value></field_value><field_value id="700000230"><value>KS43d0fb80f2f031ce010318caf7dacc1d7</value></field_value><field_value id="700004956"/><field_value id="700001000"><value>0</value></field_value><field_value id="700004955"/><field_value id="536870917"><value>IDd0e01ffd75d3c9060c6718e1eb2693a31</value></field_value><field_value id="700001202"><value>2</value></field_value><field_value id="536870913"><value>QLAYER_KSaacd7e4dedc98ecf90c9605986f28adba</value></field_value><field_value id="700001048"/><field_value id="700001047"/><field_value id="700001046"/><field_value id="700001045"/><field_value id="700001044"/><field_value id="700001043"/><field_value id="490000700"/><field_value id="600000091"/><field_value id="179"><value>AG63e90989a53a9c070073ec292c63a33c2</value></field_value><field_value id="600000090"/><field_value id="8"><value>na</value></field_value><field_value id="7"><value>0</value></field_value><field_value id="6"><value>1410089387</value></field_value><field_value id="600000043"/><field_value id="5"><value>Demo</value></field_value><field_value id="4"/><field_value id="600000042"/><field_value id="3"><value>1410089386</value></field_value><field_value id="2"><value>Demo</value></field_value><field_value id="1"><value>000000000026822</value></field_value></entry><entry id="000000000026823"><field_value id="700001003"/><field_value id="700001002"><value>Notification Name Section</value></field_value><field_value id="700001001"/><field_value id="700000850"><value>KS91a91bd5bc038f14f5900e7231d59e923</value></field_value><field_value id="700000230"><value>KS4e4f7cd1c53e05ccd2cb68d3d1891a596</value></field_value><field_value id="700004956"/><field_value id="700001000"><value>0</value></field_value><field_value id="700004955"/><field_value id="536870917"><value>IDc4e7a2d3d50b3c3f0dd1dd3f64db20065</value></field_value><field_value id="700001202"><value>1</value></field_value><field_value id="536870913"><value>SECTION_KS6d08500a61f84a5e0662ca7d6f9c2a0a0</value></field_value><field_value id="700001048"/><field_value id="700001047"/><field_value id="700001046"/><field_value id="700001045"/><field_value id="700001044"/><field_value id="700001043"/><field_value id="490000700"/><field_value id="600000091"/><field_value id="179"><value>AGa1852ebeebb33268fcbbb7420e8938afd</value></field_value><field_value id="600000090"/><field_value id="8"><value>na</value></field_value><field_value id="7"><value>0</value></field_value><field_value id="6"><value>1410089875</value></field_value><field_value id="600000043"/><field_value id="5"><value>Demo</value></field_value><field_value id="4"/><field_value id="600000042"/><field_value id="3"><value>1410089869</value></field_value><field_value id="2"><value>Demo</value></field_value><field_value id="1"><value>000000000026823</value></field_value></entry><entry id="000000000026824"><field_value id="700001003"/><field_value id="700001002"><value>Content Section</value></field_value><field_value id="700001001"/><field_value id="700000850"><value>KS91a91bd5bc038f14f5900e7231d59e923</value></field_value><field_value id="700000230"><value>KS4e4f7cd1c53e05ccd2cb68d3d1891a596</value></field_value><field_value id="700004956"/><field_value id="700001000"><value>0</value></field_value><field_value id="700004955"/><field_value id="536870917"><value>IDc4e7a2d3d50b3c3f0dd1dd3f64db20065</value></field_value><field_value id="700001202"><value>1</value></field_value><field_value id="536870913"><value>SECTION_KSaa973c5b30986e7231bbf180acd0555ef</value></field_value><field_value id="700001048"/><field_value id="700001047"/><field_value id="700001046"/><field_value id="700001045"/><field_value id="700001044"/><field_value id="700001043"/><field_value id="490000700"/><field_value id="600000091"/><field_value id="179"><value>AGede97110ad9936ef5ab747fe0668184b2</value></field_value><field_value id="600000090"/><field_value id="8"><value>na</value></field_value><field_value id="7"><value>0</value></field_value><field_value id="6"><value>1410089875</value></field_value><field_value id="600000043"/><field_value id="5"><value>Demo</value></field_value><field_value id="4"/><field_value id="600000042"/><field_value id="3"><value>1410089873</value></field_value><field_value id="2"><value>Demo</value></field_value><field_value id="1"><value>000000000026824</value></field_value></entry><entry id="000000000026825"><field_value id="700001003"/><field_value id="700001002"><value>Recipient Type</value></field_value><field_value id="700001001"/><field_value id="700000850"><value>KS91a91bd5bc038f14f5900e7231d59e923</value></field_value><field_value id="700000230"><value>KSaacd7e4dedc98ecf90c9605986f28adba</value></field_value><field_value id="700004956"/><field_value id="700001000"><value>1</value></field_value><field_value id="700004955"/><field_value id="536870917"><value>ID285745c33a3d73eede7d0dac8bc6e8b05</value></field_value><field_value id="700001202"><value>2</value></field_value><field_value id="536870913"><value>QLAYER_KSd23731a4cb54632f772105c94c4f936ec</value></field_value><field_value id="700001048"/><field_value id="700001047"/><field_value id="700001046"/><field_value id="700001045"/><field_value id="700001044"/><field_value id="700001043"/><field_value id="490000700"/><field_value id="600000091"/><field_value id="179"><value>AG2312a579b6d99e1ba277f31d5d8572279</value></field_value><field_value id="600000090"/><field_value id="8"><value>na</value></field_value><field_value id="7"><value>1</value></field_value><field_value id="6"><value>1410090597</value></field_value><field_value id="600000043"/><field_value id="5"><value>Demo</value></field_value><field_value id="4"/><field_value id="600000042"/><field_value id="3"><value>1410090495</value></field_value><field_value id="2"><value>Demo</value></field_value><field_value id="1"><value>000000000026825</value></field_value></entry><entry id="000000000026826"><field_value id="700001003"/><field_value id="700001002"><value>Recipient Value</value></field_value><field_value id="700001001"/><field_value id="700000850"><value>KS91a91bd5bc038f14f5900e7231d59e923</value></field_value><field_value id="700000230"><value>KSaacd7e4dedc98ecf90c9605986f28adba</value></field_value><field_value id="700004956"/><field_value id="700001000"><value>0</value></field_value><field_value id="700004955"/><field_value id="536870917"><value>ID017e580cad7f02fddea4efb5e011ca4a3</value></field_value><field_value id="700001202"><value>2</value></field_value><field_value id="536870913"><value>QLAYER_KS650ea40d925aa59fe8210fe437c2a58b7</value></field_value><field_value id="700001048"/><field_value id="700001047"/><field_value id="700001046"/><field_value id="700001045"/><field_value id="700001044"/><field_value id="700001043"/><field_value id="490000700"/><field_value id="600000091"/><field_value id="179"><value>AGcffc3b5571f9a1dea1176c9815a60ddea</value></field_value><field_value id="600000090"/><field_value id="8"><value>na</value></field_value><field_value id="7"><value>1</value></field_value><field_value id="6"><value>1410090597</value></field_value><field_value id="600000043"/><field_value id="5"><value>Demo</value></field_value><field_value id="4"/><field_value id="600000042"/><field_value id="3"><value>1410090573</value></field_value><field_value id="2"><value>Demo</value></field_value><field_value id="1"><value>000000000026826</value></field_value></entry><entry id="000000000026827"><field_value id="700001003"/><field_value id="700001002"><value>Recipient Type</value></field_value><field_value id="700001001"/><field_value id="700000850"><value>KS91a91bd5bc038f14f5900e7231d59e923</value></field_value><field_value id="700000230"><value>KSaacd7e4dedc98ecf90c9605986f28adba</value></field_value><field_value id="700004956"/><field_value id="700001000"><value>0</value></field_value><field_value id="700004955"/><field_value id="536870917"><value>ID017e580cad7f02fddea4efb5e011ca4a3</value></field_value><field_value id="700001202"><value>2</value></field_value><field_value id="536870913"><value>QLAYER_KSd23731a4cb54632f772105c94c4f936ec</value></field_value><field_value id="700001048"/><field_value id="700001047"/><field_value id="700001046"/><field_value id="700001045"/><field_value id="700001044"/><field_value id="700001043"/><field_value id="490000700"/><field_value id="600000091"/><field_value id="179"><value>AG572512118acc9a774ff36d677165efe1c</value></field_value><field_value id="600000090"/><field_value id="8"><value>na</value></field_value><field_value id="7"><value>1</value></field_value><field_value id="6"><value>1410090597</value></field_value><field_value id="600000043"/><field_value id="5"><value>Demo</value></field_value><field_value id="4"/><field_value id="600000042"/><field_value id="3"><value>1410090578</value></field_value><field_value id="2"><value>Demo</value></field_value><field_value id="1"><value>000000000026827</value></field_value></entry><entry id="000000000026828"><field_value id="700001003"/><field_value id="700001002"><value>Recipient Value</value></field_value><field_value id="700001001"/><field_value id="700000850"><value>KS91a91bd5bc038f14f5900e7231d59e923</value></field_value><field_value id="700000230"><value>KS4e4f7cd1c53e05ccd2cb68d3d1891a596</value></field_value><field_value id="700004956"/><field_value id="700001000"><value>0</value></field_value><field_value id="700004955"/><field_value id="536870917"><value>IDc4e7a2d3d50b3c3f0dd1dd3f64db20065</value></field_value><field_value id="700001202"><value>2</value></field_value><field_value id="536870913"><value>QLAYER_KS650ea40d925aa59fe8210fe437c2a58b7</value></field_value><field_value id="700001048"/><field_value id="700001047"/><field_value id="700001046"/><field_value id="700001045"/><field_value id="700001044"/><field_value id="700001043"/><field_value id="490000700"/><field_value id="600000091"/><field_value id="179"><value>AG0e51d3fe6289fddc18007f332cb39d207</value></field_value><field_value id="600000090"/><field_value id="8"><value>na</value></field_value><field_value id="7"><value>0</value></field_value><field_value id="6"><value>1410101285</value></field_value><field_value id="600000043"/><field_value id="5"><value>Demo</value></field_value><field_value id="4"/><field_value id="600000042"/><field_value id="3"><value>1410101275</value></field_value><field_value id="2"><value>Demo</value></field_value><field_value id="1"><value>000000000026828</value></field_value></entry><entry id="000000000026829"><field_value id="700001003"/><field_value id="700001002"><value>Recipient Type</value></field_value><field_value id="700001001"/><field_value id="700000850"><value>KS91a91bd5bc038f14f5900e7231d59e923</value></field_value><field_value id="700000230"><value>KS4e4f7cd1c53e05ccd2cb68d3d1891a596</value></field_value><field_value id="700004956"/><field_value id="700001000"><value>1</value></field_value><field_value id="700004955"/><field_value id="536870917"><value>IDc4e7a2d3d50b3c3f0dd1dd3f64db20065</value></field_value><field_value id="700001202"><value>2</value></field_value><field_value id="536870913"><value>QLAYER_KSd23731a4cb54632f772105c94c4f936ec</value></field_value><field_value id="700001048"/><field_value id="700001047"/><field_value id="700001046"/><field_value id="700001045"/><field_value id="700001044"/><field_value id="700001043"/><field_value id="490000700"/><field_value id="600000091"/><field_value id="179"><value>AG778c35b61932d521cbf135aa98ada136f</value></field_value><field_value id="600000090"/><field_value id="8"><value>na</value></field_value><field_value id="7"><value>0</value></field_value><field_value id="6"><value>1410101341</value></field_value><field_value id="600000043"/><field_value id="5"><value>Demo</value></field_value><field_value id="4"/><field_value id="600000042"/><field_value id="3"><value>1410101338</value></field_value><field_value id="2"><value>Demo</value></field_value><field_value id="1"><value>000000000026829</value></field_value></entry><entry id="000000000026830"><field_value id="700001003"/><field_value id="700001002"><value>_LanguageSelection</value></field_value><field_value id="700001001"/><field_value id="700000850"><value>KS91a91bd5bc038f14f5900e7231d59e923</value></field_value><field_value id="700000230"><value>KS0fe8fabf27daeda160e80bd0a679aaaf0</value></field_value><field_value id="700004956"/><field_value id="700001000"><value>0</value></field_value><field_value id="700004955"/><field_value id="536870917"><value>ID4ec3bccf8d8d4187668b5d977097b64e7</value></field_value><field_value id="700001202"><value>2</value></field_value><field_value id="536870913"><value>QLAYER_KS2762329287dad837885a4fb41c44fb198</value></field_value><field_value id="700001048"/><field_value id="700001047"/><field_value id="700001046"/><field_value id="700001045"/><field_value id="700001044"/><field_value id="700001043"/><field_value id="490000700"/><field_value id="600000091"/><field_value id="179"><value>AG09b9f2c3c3fd982a47cd4391f8c50066a</value></field_value><field_value id="600000090"/><field_value id="8"><value>na</value></field_value><field_value id="7"><value>0</value></field_value><field_value id="6"><value>1410103339</value></field_value><field_value id="600000043"/><field_value id="5"><value>Demo</value></field_value><field_value id="4"/><field_value id="600000042"/><field_value id="3"><value>1410102971</value></field_value><field_value id="2"><value>Demo</value></field_value><field_value id="1"><value>000000000026830</value></field_value></entry><entry id="000000000026831"><field_value id="700001003"/><field_value id="700001002"><value>Recipient Value</value></field_value><field_value id="700001001"/><field_value id="700000850"><value>KS91a91bd5bc038f14f5900e7231d59e923</value></field_value><field_value id="700000230"><value>KS0fe8fabf27daeda160e80bd0a679aaaf0</value></field_value><field_value id="700004956"/><field_value id="700001000"><value>0</value></field_value><field_value id="700004955"/><field_value id="536870917"><value>ID4ec3bccf8d8d4187668b5d977097b64e7</value></field_value><field_value id="700001202"><value>2</value></field_value><field_value id="536870913"><value>QLAYER_KS650ea40d925aa59fe8210fe437c2a58b7</value></field_value><field_value id="700001048"/><field_value id="700001047"/><field_value id="700001046"/><field_value id="700001045"/><field_value id="700001044"/><field_value id="700001043"/><field_value id="490000700"/><field_value id="600000091"/><field_value id="179"><value>AG5b9570fbfcddce89b70096069f3d2d55a</value></field_value><field_value id="600000090"/><field_value id="8"><value>na</value></field_value><field_value id="7"><value>0</value></field_value><field_value id="6"><value>1410103339</value></field_value><field_value id="600000043"/><field_value id="5"><value>Demo</value></field_value><field_value id="4"/><field_value id="600000042"/><field_value id="3"><value>1410103009</value></field_value><field_value id="2"><value>Demo</value></field_value><field_value id="1"><value>000000000026831</value></field_value></entry><entry id="000000000026832"><field_value id="700001003"/><field_value id="700001002"><value>Recipient Type</value></field_value><field_value id="700001001"/><field_value id="700000850"><value>KS91a91bd5bc038f14f5900e7231d59e923</value></field_value><field_value id="700000230"><value>KS0fe8fabf27daeda160e80bd0a679aaaf0</value></field_value><field_value id="700004956"/><field_value id="700001000"><value>0</value></field_value><field_value id="700004955"/><field_value id="536870917"><value>ID4ec3bccf8d8d4187668b5d977097b64e7</value></field_value><field_value id="700001202"><value>2</value></field_value><field_value id="536870913"><value>QLAYER_KSd23731a4cb54632f772105c94c4f936ec</value></field_value><field_value id="700001048"/><field_value id="700001047"/><field_value id="700001046"/><field_value id="700001045"/><field_value id="700001044"/><field_value id="700001043"/><field_value id="490000700"/><field_value id="600000091"/><field_value id="179"><value>AG5f58c0ee151712d80ad6af4705bfcb28c</value></field_value><field_value id="600000090"/><field_value id="8"><value>na</value></field_value><field_value id="7"><value>0</value></field_value><field_value id="6"><value>1410103339</value></field_value><field_value id="600000043"/><field_value id="5"><value>Demo</value></field_value><field_value id="4"/><field_value id="600000042"/><field_value id="3"><value>1410103025</value></field_value><field_value id="2"><value>Demo</value></field_value><field_value id="1"><value>000000000026832</value></field_value></entry><entry id="000000000026833"><field_value id="700001003"/><field_value id="700001002"><value>_NotificationScopeSelection</value></field_value><field_value id="700001001"/><field_value id="700000850"><value>KS91a91bd5bc038f14f5900e7231d59e923</value></field_value><field_value id="700000230"><value>KS0fe8fabf27daeda160e80bd0a679aaaf0</value></field_value><field_value id="700004956"/><field_value id="700001000"><value>0</value></field_value><field_value id="700004955"/><field_value id="536870917"><value>ID4ec3bccf8d8d4187668b5d977097b64e7</value></field_value><field_value id="700001202"><value>2</value></field_value><field_value id="536870913"><value>QLAYER_KSf194a62bc6a78c7f04f1b055fbe108c86</value></field_value><field_value id="700001048"/><field_value id="700001047"/><field_value id="700001046"/><field_value id="700001045"/><field_value id="700001044"/><field_value id="700001043"/><field_value id="490000700"/><field_value id="600000091"/><field_value id="179"><value>AGe96904171cbb8ae0dbce087fd1cfb227e</value></field_value><field_value id="600000090"/><field_value id="8"><value>na</value></field_value><field_value id="7"><value>0</value></field_value><field_value id="6"><value>1410103696</value></field_value><field_value id="600000043"/><field_value id="5"><value>Demo</value></field_value><field_value id="4"/><field_value id="600000042"/><field_value id="3"><value>1410103694</value></field_value><field_value id="2"><value>Demo</value></field_value><field_value id="1"><value>000000000026833</value></field_value></entry><entry id="000000000026834"><field_value id="700001003"/><field_value id="700001002"><value>_NotificationScopeSelection</value></field_value><field_value id="700001001"/><field_value id="700000850"><value>KS91a91bd5bc038f14f5900e7231d59e923</value></field_value><field_value id="700000230"><value>KS43d0fb80f2f031ce010318caf7dacc1d7</value></field_value><field_value id="700004956"/><field_value id="700001000"><value>0</value></field_value><field_value id="700004955"/><field_value id="536870917"><value>ID3024babd835cae24c8e9e6555443837a2</value></field_value><field_value id="700001202"><value>2</value></field_value><field_value id="536870913"><value>QLAYER_KSf194a62bc6a78c7f04f1b055fbe108c86</value></field_value><field_value id="700001048"/><field_value id="700001047"/><field_value id="700001046"/><field_value id="700001045"/><field_value id="700001044"/><field_value id="700001043"/><field_value id="490000700"/><field_value id="600000091"/><field_value id="179"><value>AG082d8ff020b076c76cdf2ecefeb0bad78</value></field_value><field_value id="600000090"/><field_value id="8"><value>na</value></field_value><field_value id="7"><value>0</value></field_value><field_value id="6"><value>1410103852</value></field_value><field_value id="600000043"/><field_value id="5"><value>Demo</value></field_value><field_value id="4"/><field_value id="600000042"/><field_value id="3"><value>1410103849</value></field_value><field_value id="2"><value>Demo</value></field_value><field_value id="1"><value>000000000026834</value></field_value></entry><entry id="000000000026835"><field_value id="700001003"/><field_value id="700001002"><value>_RecipientScopeSelection</value></field_value><field_value id="700001001"/><field_value id="700000850"><value>KS91a91bd5bc038f14f5900e7231d59e923</value></field_value><field_value id="700000230"><value>KSfaa23b6a3a9b5c1d7ac8b8b4ebc0cc593</value></field_value><field_value id="700004956"/><field_value id="700001000"><value>0</value></field_value><field_value id="700004955"/><field_value id="536870917"><value>IDe2f41a2b2f6603c8c1703490a3a333755</value></field_value><field_value id="700001202"><value>2</value></field_value><field_value id="536870913"><value>QLAYER_KSdf80bfb4d75a9edaa029e1bb93b939368</value></field_value><field_value id="700001048"/><field_value id="700001047"/><field_value id="700001046"/><field_value id="700001045"/><field_value id="700001044"/><field_value id="700001043"/><field_value id="490000700"/><field_value id="600000091"/><field_value id="179"><value>AG54b6260b750b84a9d1b16c7c77f934ca3</value></field_value><field_value id="600000090"/><field_value id="8"><value>na</value></field_value><field_value id="7"><value>1</value></field_value><field_value id="6"><value>1410119737</value></field_value><field_value id="600000043"/><field_value id="5"><value>Demo</value></field_value><field_value id="4"/><field_value id="600000042"/><field_value id="3"><value>1410119619</value></field_value><field_value id="2"><value>Demo</value></field_value><field_value id="1"><value>000000000026835</value></field_value></entry><entry id="000000000026836"><field_value id="700001003"/><field_value id="700001002"><value>_RecipientScopeSelection</value></field_value><field_value id="700001001"/><field_value id="700000850"><value>KS91a91bd5bc038f14f5900e7231d59e923</value></field_value><field_value id="700000230"><value>KSfaa23b6a3a9b5c1d7ac8b8b4ebc0cc593</value></field_value><field_value id="700004956"/><field_value id="700001000"><value>1</value></field_value><field_value id="700004955"/><field_value id="536870917"><value>ID9f9d3f2a459b922e3262003af2ec1c647</value></field_value><field_value id="700001202"><value>2</value></field_value><field_value id="536870913"><value>QLAYER_KSdf80bfb4d75a9edaa029e1bb93b939368</value></field_value><field_value id="700001048"/><field_value id="700001047"/><field_value id="700001046"/><field_value id="700001045"/><field_value id="700001044"/><field_value id="700001043"/><field_value id="490000700"/><field_value id="600000091"/><field_value id="179"><value>AGa634ce2b6dcf1e7b4422b53706918ce9f</value></field_value><field_value id="600000090"/><field_value id="8"><value>na</value></field_value><field_value id="7"><value>1</value></field_value><field_value id="6"><value>1410119738</value></field_value><field_value id="600000043"/><field_value id="5"><value>Demo</value></field_value><field_value id="4"/><field_value id="600000042"/><field_value id="3"><value>1410119657</value></field_value><field_value id="2"><value>Demo</value></field_value><field_value id="1"><value>000000000026836</value></field_value></entry><entry id="000000000026837"><field_value id="700001003"/><field_value id="700001002"><value>_RecipientScope</value></field_value><field_value id="700001001"/><field_value id="700000850"><value>KS91a91bd5bc038f14f5900e7231d59e923</value></field_value><field_value id="700000230"><value>KSaacd7e4dedc98ecf90c9605986f28adba</value></field_value><field_value id="700004956"/><field_value id="700001000"><value>1</value></field_value><field_value id="700004955"/><field_value id="536870917"><value>ID285745c33a3d73eede7d0dac8bc6e8b05</value></field_value><field_value id="700001202"><value>2</value></field_value><field_value id="536870913"><value>QLAYER_KSfaa23b6a3a9b5c1d7ac8b8b4ebc0cc593</value></field_value><field_value id="700001048"/><field_value id="700001047"/><field_value id="700001046"/><field_value id="700001045"/><field_value id="700001044"/><field_value id="700001043"/><field_value id="490000700"/><field_value id="600000091"/><field_value id="179"><value>AG0032456034a10ff20fe999dfeb5edd733</value></field_value><field_value id="600000090"/><field_value id="8"><value>na</value></field_value><field_value id="7"><value>1</value></field_value><field_value id="6"><value>1410120001</value></field_value><field_value id="600000043"/><field_value id="5"><value>Demo</value></field_value><field_value id="4"/><field_value id="600000042"/><field_value id="3"><value>1410119932</value></field_value><field_value id="2"><value>Demo</value></field_value><field_value id="1"><value>000000000026837</value></field_value></entry><entry id="000000000026838"><field_value id="700001003"/><field_value id="700001002"><value>_RecipientScope</value></field_value><field_value id="700001001"/><field_value id="700000850"><value>KS91a91bd5bc038f14f5900e7231d59e923</value></field_value><field_value id="700000230"><value>KSaacd7e4dedc98ecf90c9605986f28adba</value></field_value><field_value id="700004956"/><field_value id="700001000"><value>0</value></field_value><field_value id="700004955"/><field_value id="536870917"><value>ID017e580cad7f02fddea4efb5e011ca4a3</value></field_value><field_value id="700001202"><value>2</value></field_value><field_value id="536870913"><value>QLAYER_KSfaa23b6a3a9b5c1d7ac8b8b4ebc0cc593</value></field_value><field_value id="700001048"/><field_value id="700001047"/><field_value id="700001046"/><field_value id="700001045"/><field_value id="700001044"/><field_value id="700001043"/><field_value id="490000700"/><field_value id="600000091"/><field_value id="179"><value>AG8b50a26e2ae72204bf4723a5c80ddcf9f</value></field_value><field_value id="600000090"/><field_value id="8"><value>na</value></field_value><field_value id="7"><value>1</value></field_value><field_value id="6"><value>1410120001</value></field_value><field_value id="600000043"/><field_value id="5"><value>Demo</value></field_value><field_value id="4"/><field_value id="600000042"/><field_value id="3"><value>1410119953</value></field_value><field_value id="2"><value>Demo</value></field_value><field_value id="1"><value>000000000026838</value></field_value></entry><entry id="000000000026839"><field_value id="700001003"/><field_value id="700001002"><value>_RecipientScopeSelection</value></field_value><field_value id="700001001"/><field_value id="700000850"><value>KS91a91bd5bc038f14f5900e7231d59e923</value></field_value><field_value id="700000230"><value>KSaacd7e4dedc98ecf90c9605986f28adba</value></field_value><field_value id="700004956"/><field_value id="700001000"><value>0</value></field_value><field_value id="700004955"/><field_value id="536870917"><value>ID017e580cad7f02fddea4efb5e011ca4a3</value></field_value><field_value id="700001202"><value>2</value></field_value><field_value id="536870913"><value>QLAYER_KSdf80bfb4d75a9edaa029e1bb93b939368</value></field_value><field_value id="700001048"/><field_value id="700001047"/><field_value id="700001046"/><field_value id="700001045"/><field_value id="700001044"/><field_value id="700001043"/><field_value id="490000700"/><field_value id="600000091"/><field_value id="179"><value>AG924184850429f5cddfdf70b82a9467f95</value></field_value><field_value id="600000090"/><field_value id="8"><value>na</value></field_value><field_value id="7"><value>1</value></field_value><field_value id="6"><value>1410120001</value></field_value><field_value id="600000043"/><field_value id="5"><value>Demo</value></field_value><field_value id="4"/><field_value id="600000042"/><field_value id="3"><value>1410119959</value></field_value><field_value id="2"><value>Demo</value></field_value><field_value id="1"><value>000000000026839</value></field_value></entry><entry id="000000000026840"><field_value id="700001003"/><field_value id="700001002"><value>_RecipientScopeSelection</value></field_value><field_value id="700001001"/><field_value id="700000850"><value>KS91a91bd5bc038f14f5900e7231d59e923</value></field_value><field_value id="700000230"><value>KS4e4f7cd1c53e05ccd2cb68d3d1891a596</value></field_value><field_value id="700004956"/><field_value id="700001000"><value>0</value></field_value><field_value id="700004955"/><field_value id="536870917"><value>IDc4e7a2d3d50b3c3f0dd1dd3f64db20065</value></field_value><field_value id="700001202"><value>2</value></field_value><field_value id="536870913"><value>QLAYER_KSdf80bfb4d75a9edaa029e1bb93b939368</value></field_value><field_value id="700001048"/><field_value id="700001047"/><field_value id="700001046"/><field_value id="700001045"/><field_value id="700001044"/><field_value id="700001043"/><field_value id="490000700"/><field_value id="600000091"/><field_value id="179"><value>AGbd3e7bdf1b7cc91c62c37f71c5398e487</value></field_value><field_value id="600000090"/><field_value id="8"><value>na</value></field_value><field_value id="7"><value>0</value></field_value><field_value id="6"><value>1410121670</value></field_value><field_value id="600000043"/><field_value id="5"><value>Demo</value></field_value><field_value id="4"/><field_value id="600000042"/><field_value id="3"><value>1410121648</value></field_value><field_value id="2"><value>Demo</value></field_value><field_value id="1"><value>000000000026840</value></field_value></entry><entry id="000000000026841"><field_value id="700001003"/><field_value id="700001002"><value>_RecipientScope</value></field_value><field_value id="700001001"/><field_value id="700000850"><value>KS91a91bd5bc038f14f5900e7231d59e923</value></field_value><field_value id="700000230"><value>KS4e4f7cd1c53e05ccd2cb68d3d1891a596</value></field_value><field_value id="700004956"/><field_value id="700001000"><value>1</value></field_value><field_value id="700004955"/><field_value id="536870917"><value>IDc4e7a2d3d50b3c3f0dd1dd3f64db20065</value></field_value><field_value id="700001202"><value>2</value></field_value><field_value id="536870913"><value>QLAYER_KSfaa23b6a3a9b5c1d7ac8b8b4ebc0cc593</value></field_value><field_value id="700001048"/><field_value id="700001047"/><field_value id="700001046"/><field_value id="700001045"/><field_value id="700001044"/><field_value id="700001043"/><field_value id="490000700"/><field_value id="600000091"/><field_value id="179"><value>AG22d8096889d211f16ca4b40be285b0cef</value></field_value><field_value id="600000090"/><field_value id="8"><value>na</value></field_value><field_value id="7"><value>0</value></field_value><field_value id="6"><value>1410121711</value></field_value><field_value id="600000043"/><field_value id="5"><value>Demo</value></field_value><field_value id="4"/><field_value id="600000042"/><field_value id="3"><value>1410121709</value></field_value><field_value id="2"><value>Demo</value></field_value><field_value id="1"><value>000000000026841</value></field_value></entry><entry id="000000000026842"><field_value id="700001003"/><field_value id="700001002"><value>_RecipientScope</value></field_value><field_value id="700001001"/><field_value id="700000850"><value>KS91a91bd5bc038f14f5900e7231d59e923</value></field_value><field_value id="700000230"><value>KS0fe8fabf27daeda160e80bd0a679aaaf0</value></field_value><field_value id="700004956"/><field_value id="700001000"><value>0</value></field_value><field_value id="700004955"/><field_value id="536870917"><value>ID4ec3bccf8d8d4187668b5d977097b64e7</value></field_value><field_value id="700001202"><value>2</value></field_value><field_value id="536870913"><value>QLAYER_KSfaa23b6a3a9b5c1d7ac8b8b4ebc0cc593</value></field_value><field_value id="700001048"/><field_value id="700001047"/><field_value id="700001046"/><field_value id="700001045"/><field_value id="700001044"/><field_value id="700001043"/><field_value id="490000700"/><field_value id="600000091"/><field_value id="179"><value>AG2daee150e6a0a84ddb9a45d9ccede70fc</value></field_value><field_value id="600000090"/><field_value id="8"><value>na</value></field_value><field_value id="7"><value>0</value></field_value><field_value id="6"><value>1410122039</value></field_value><field_value id="600000043"/><field_value id="5"><value>Demo</value></field_value><field_value id="4"/><field_value id="600000042"/><field_value id="3"><value>1410122024</value></field_value><field_value id="2"><value>Demo</value></field_value><field_value id="1"><value>000000000026842</value></field_value></entry><entry id="000000000026843"><field_value id="700001003"/><field_value id="700001002"><value>_RecipientScopeSelection</value></field_value><field_value id="700001001"/><field_value id="700000850"><value>KS91a91bd5bc038f14f5900e7231d59e923</value></field_value><field_value id="700000230"><value>KS0fe8fabf27daeda160e80bd0a679aaaf0</value></field_value><field_value id="700004956"/><field_value id="700001000"><value>0</value></field_value><field_value id="700004955"/><field_value id="536870917"><value>ID4ec3bccf8d8d4187668b5d977097b64e7</value></field_value><field_value id="700001202"><value>2</value></field_value><field_value id="536870913"><value>QLAYER_KSdf80bfb4d75a9edaa029e1bb93b939368</value></field_value><field_value id="700001048"/><field_value id="700001047"/><field_value id="700001046"/><field_value id="700001045"/><field_value id="700001044"/><field_value id="700001043"/><field_value id="490000700"/><field_value id="600000091"/><field_value id="179"><value>AG753206ee0639d85dea3f09726b9f9a439</value></field_value><field_value id="600000090"/><field_value id="8"><value>na</value></field_value><field_value id="7"><value>0</value></field_value><field_value id="6"><value>1410122039</value></field_value><field_value id="600000043"/><field_value id="5"><value>Demo</value></field_value><field_value id="4"/><field_value id="600000042"/><field_value id="3"><value>1410122037</value></field_value><field_value id="2"><value>Demo</value></field_value><field_value id="1"><value>000000000026843</value></field_value></entry><entry id="000000000026844"><field_value id="700001003"/><field_value id="700001002"><value>Predefined Recipient</value></field_value><field_value id="700001001"/><field_value id="700000850"><value>KS91a91bd5bc038f14f5900e7231d59e923</value></field_value><field_value id="700000230"><value>KS0fe8fabf27daeda160e80bd0a679aaaf0</value></field_value><field_value id="700004956"/><field_value id="700001000"><value>0</value></field_value><field_value id="700004955"/><field_value id="536870917"><value>IDfa9387e726ac8587c371d5c70120b6629</value></field_value><field_value id="700001202"><value>2</value></field_value><field_value id="536870913"><value>QLAYER_KSaacd7e4dedc98ecf90c9605986f28adba</value></field_value><field_value id="700001048"/><field_value id="700001047"/><field_value id="700001046"/><field_value id="700001045"/><field_value id="700001044"/><field_value id="700001043"/><field_value id="490000700"/><field_value id="600000091"/><field_value id="179"><value>AG0dfb67a905d3a44826e6863fdf32fffce</value></field_value><field_value id="600000090"/><field_value id="8"><value>na</value></field_value><field_value id="7"><value>0</value></field_value><field_value id="6"><value>1410122107</value></field_value><field_value id="600000043"/><field_value id="5"><value>Demo</value></field_value><field_value id="4"/><field_value id="600000042"/><field_value id="3"><value>1410122106</value></field_value><field_value id="2"><value>Demo</value></field_value><field_value id="1"><value>000000000026844</value></field_value></entry><entry id="000000000026845"><field_value id="700001003"/><field_value id="700001002"><value>Recipient Section</value></field_value><field_value id="700001001"/><field_value id="700000850"><value>KS91a91bd5bc038f14f5900e7231d59e923</value></field_value><field_value id="700000230"><value>KS43d0fb80f2f031ce010318caf7dacc1d7</value></field_value><field_value id="700004956"/><field_value id="700001000"><value>0</value></field_value><field_value id="700004955"/><field_value id="536870917"><value>ID3024babd835cae24c8e9e6555443837a2</value></field_value><field_value id="700001202"><value>1</value></field_value><field_value id="536870913"><value>SECTION_KSa5d60db5ae73cc067b68e0cc74ceff388</value></field_value><field_value id="700001048"/><field_value id="700001047"/><field_value id="700001046"/><field_value id="700001045"/><field_value id="700001044"/><field_value id="700001043"/><field_value id="490000700"/><field_value id="600000091"/><field_value id="179"><value>AGe75f9a53ca9feb0b57b70243d5b99f3ff</value></field_value><field_value id="600000090"/><field_value id="8"><value>na</value></field_value><field_value id="7"><value>0</value></field_value><field_value id="6"><value>1410122612</value></field_value><field_value id="600000043"/><field_value id="5"><value>Demo</value></field_value><field_value id="4"/><field_value id="600000042"/><field_value id="3"><value>1410122604</value></field_value><field_value id="2"><value>Demo</value></field_value><field_value id="1"><value>000000000026845</value></field_value></entry><entry id="000000000026846"><field_value id="700001003"/><field_value id="700001002"><value>_RecipientLanguageSelection</value></field_value><field_value id="700001001"/><field_value id="700000850"><value>KS91a91bd5bc038f14f5900e7231d59e923</value></field_value><field_value id="700000230"><value>KSbf84b7b7d226cb94caef708e6907edc65</value></field_value><field_value id="700004956"/><field_value id="700001000"><value>0</value></field_value><field_value id="700004955"/><field_value id="536870917"><value>ID41f3a15396b04132449248e5909a10667</value></field_value><field_value id="700001202"><value>2</value></field_value><field_value id="536870913"><value>QLAYER_KS784d7249d6fd1a87391ac0b4b166de1b5</value></field_value><field_value id="700001048"/><field_value id="700001047"/><field_value id="700001046"/><field_value id="700001045"/><field_value id="700001044"/><field_value id="700001043"/><field_value id="490000700"/><field_value id="600000091"/><field_value id="179"><value>AG5a4bb88bec78519eac8a3cbfdbf8779d4</value></field_value><field_value id="600000090"/><field_value id="8"><value>na</value></field_value><field_value id="7"><value>1</value></field_value><field_value id="6"><value>1410129028</value></field_value><field_value id="600000043"/><field_value id="5"><value>Demo</value></field_value><field_value id="4"/><field_value id="600000042"/><field_value id="3"><value>1410128919</value></field_value><field_value id="2"><value>Demo</value></field_value><field_value id="1"><value>000000000026846</value></field_value></entry><entry id="000000000026847"><field_value id="700001003"/><field_value id="700001002"><value>_RecipientLanguageSelection</value></field_value><field_value id="700001001"/><field_value id="700000850"><value>KS91a91bd5bc038f14f5900e7231d59e923</value></field_value><field_value id="700000230"><value>KSbf84b7b7d226cb94caef708e6907edc65</value></field_value><field_value id="700004956"/><field_value id="700001000"><value>1</value></field_value><field_value id="700004955"/><field_value id="536870917"><value>ID9a0c4dd30edf1646e13a08dce0e164638</value></field_value><field_value id="700001202"><value>2</value></field_value><field_value id="536870913"><value>QLAYER_KS784d7249d6fd1a87391ac0b4b166de1b5</value></field_value><field_value id="700001048"/><field_value id="700001047"/><field_value id="700001046"/><field_value id="700001045"/><field_value id="700001044"/><field_value id="700001043"/><field_value id="490000700"/><field_value id="600000091"/><field_value id="179"><value>AGcf551a13693ff555047b8964f16d1e49c</value></field_value><field_value id="600000090"/><field_value id="8"><value>na</value></field_value><field_value id="7"><value>1</value></field_value><field_value id="6"><value>1410129028</value></field_value><field_value id="600000043"/><field_value id="5"><value>Demo</value></field_value><field_value id="4"/><field_value id="600000042"/><field_value id="3"><value>1410128945</value></field_value><field_value id="2"><value>Demo</value></field_value><field_value id="1"><value>000000000026847</value></field_value></entry><entry id="000000000026848"><field_value id="700001003"/><field_value id="700001002"><value>_RecipientLanguage</value></field_value><field_value id="700001001"/><field_value id="700000850"><value>KS91a91bd5bc038f14f5900e7231d59e923</value></field_value><field_value id="700000230"><value>KS4e4f7cd1c53e05ccd2cb68d3d1891a596</value></field_value><field_value id="700004956"/><field_value id="700001000"><value>1</value></field_value><field_value id="700004955"/><field_value id="536870917"><value>IDc4e7a2d3d50b3c3f0dd1dd3f64db20065</value></field_value><field_value id="700001202"><value>2</value></field_value><field_value id="536870913"><value>QLAYER_KSbf84b7b7d226cb94caef708e6907edc65</value></field_value><field_value id="700001048"/><field_value id="700001047"/><field_value id="700001046"/><field_value id="700001045"/><field_value id="700001044"/><field_value id="700001043"/><field_value id="490000700"/><field_value id="600000091"/><field_value id="179"><value>AG51e84547606451d7b8ca1cabadb71539f</value></field_value><field_value id="600000090"/><field_value id="8"><value>na</value></field_value><field_value id="7"><value>0</value></field_value><field_value id="6"><value>1410129765</value></field_value><field_value id="600000043"/><field_value id="5"><value>Demo</value></field_value><field_value id="4"/><field_value id="600000042"/><field_value id="3"><value>1410129762</value></field_value><field_value id="2"><value>Demo</value></field_value><field_value id="1"><value>000000000026848</value></field_value></entry><entry id="000000000026849"><field_value id="700001003"/><field_value id="700001002"><value>_RecipientLanguage</value></field_value><field_value id="700001001"/><field_value id="700000850"><value>KS91a91bd5bc038f14f5900e7231d59e923</value></field_value><field_value id="700000230"><value>KSaacd7e4dedc98ecf90c9605986f28adba</value></field_value><field_value id="700004956"/><field_value id="700001000"><value>1</value></field_value><field_value id="700004955"/><field_value id="536870917"><value>ID285745c33a3d73eede7d0dac8bc6e8b05</value></field_value><field_value id="700001202"><value>2</value></field_value><field_value id="536870913"><value>QLAYER_KSbf84b7b7d226cb94caef708e6907edc65</value></field_value><field_value id="700001048"/><field_value id="700001047"/><field_value id="700001046"/><field_value id="700001045"/><field_value id="700001044"/><field_value id="700001043"/><field_value id="490000700"/><field_value id="600000091"/><field_value id="179"><value>AG93104b2f81833d2c8b2d1657465c17f29</value></field_value><field_value id="600000090"/><field_value id="8"><value>na</value></field_value><field_value id="7"><value>1</value></field_value><field_value id="6"><value>1410130075</value></field_value><field_value id="600000043"/><field_value id="5"><value>Demo</value></field_value><field_value id="4"/><field_value id="600000042"/><field_value id="3"><value>1410130003</value></field_value><field_value id="2"><value>Demo</value></field_value><field_value id="1"><value>000000000026849</value></field_value></entry><entry id="000000000026850"><field_value id="700001003"/><field_value id="700001002"><value>_RecipientLanguageSelection</value></field_value><field_value id="700001001"/><field_value id="700000850"><value>KS91a91bd5bc038f14f5900e7231d59e923</value></field_value><field_value id="700000230"><value>KSaacd7e4dedc98ecf90c9605986f28adba</value></field_value><field_value id="700004956"/><field_value id="700001000"><value>0</value></field_value><field_value id="700004955"/><field_value id="536870917"><value>ID017e580cad7f02fddea4efb5e011ca4a3</value></field_value><field_value id="700001202"><value>2</value></field_value><field_value id="536870913"><value>QLAYER_KS784d7249d6fd1a87391ac0b4b166de1b5</value></field_value><field_value id="700001048"/><field_value id="700001047"/><field_value id="700001046"/><field_value id="700001045"/><field_value id="700001044"/><field_value id="700001043"/><field_value id="490000700"/><field_value id="600000091"/><field_value id="179"><value>AG0d435497c0514a0cd8077036c22f1cf16</value></field_value><field_value id="600000090"/><field_value id="8"><value>na</value></field_value><field_value id="7"><value>1</value></field_value><field_value id="6"><value>1410130075</value></field_value><field_value id="600000043"/><field_value id="5"><value>Demo</value></field_value><field_value id="4"/><field_value id="600000042"/><field_value id="3"><value>1410130060</value></field_value><field_value id="2"><value>Demo</value></field_value><field_value id="1"><value>000000000026850</value></field_value></entry><entry id="000000000026851"><field_value id="700001003"/><field_value id="700001002"><value>_RecipientLanguage</value></field_value><field_value id="700001001"/><field_value id="700000850"><value>KS91a91bd5bc038f14f5900e7231d59e923</value></field_value><field_value id="700000230"><value>KSaacd7e4dedc98ecf90c9605986f28adba</value></field_value><field_value id="700004956"/><field_value id="700001000"><value>0</value></field_value><field_value id="700004955"/><field_value id="536870917"><value>ID017e580cad7f02fddea4efb5e011ca4a3</value></field_value><field_value id="700001202"><value>2</value></field_value><field_value id="536870913"><value>QLAYER_KSbf84b7b7d226cb94caef708e6907edc65</value></field_value><field_value id="700001048"/><field_value id="700001047"/><field_value id="700001046"/><field_value id="700001045"/><field_value id="700001044"/><field_value id="700001043"/><field_value id="490000700"/><field_value id="600000091"/><field_value id="179"><value>AGebcd2688ccf40dc5331ceeaf72602550f</value></field_value><field_value id="600000090"/><field_value id="8"><value>na</value></field_value><field_value id="7"><value>1</value></field_value><field_value id="6"><value>1410130075</value></field_value><field_value id="600000043"/><field_value id="5"><value>Demo</value></field_value><field_value id="4"/><field_value id="600000042"/><field_value id="3"><value>1410130064</value></field_value><field_value id="2"><value>Demo</value></field_value><field_value id="1"><value>000000000026851</value></field_value></entry><entry id="000000000026852"><field_value id="700001003"/><field_value id="700001002"><value>_RecipientLanguageSelection</value></field_value><field_value id="700001001"/><field_value id="700000850"><value>KS91a91bd5bc038f14f5900e7231d59e923</value></field_value><field_value id="700000230"><value>KS0fe8fabf27daeda160e80bd0a679aaaf0</value></field_value><field_value id="700004956"/><field_value id="700001000"><value>0</value></field_value><field_value id="700004955"/><field_value id="536870917"><value>ID4ec3bccf8d8d4187668b5d977097b64e7</value></field_value><field_value id="700001202"><value>2</value></field_value><field_value id="536870913"><value>QLAYER_KS784d7249d6fd1a87391ac0b4b166de1b5</value></field_value><field_value id="700001048"/><field_value id="700001047"/><field_value id="700001046"/><field_value id="700001045"/><field_value id="700001044"/><field_value id="700001043"/><field_value id="490000700"/><field_value id="600000091"/><field_value id="179"><value>AGf5018b676b2acec4d5f3c95b7f8118b95</value></field_value><field_value id="600000090"/><field_value id="8"><value>na</value></field_value><field_value id="7"><value>0</value></field_value><field_value id="6"><value>1410130299</value></field_value><field_value id="600000043"/><field_value id="5"><value>Demo</value></field_value><field_value id="4"/><field_value id="600000042"/><field_value id="3"><value>1410130292</value></field_value><field_value id="2"><value>Demo</value></field_value><field_value id="1"><value>000000000026852</value></field_value></entry><entry id="000000000026853"><field_value id="700001003"/><field_value id="700001002"><value>_RecipientLanguage</value></field_value><field_value id="700001001"/><field_value id="700000850"><value>KS91a91bd5bc038f14f5900e7231d59e923</value></field_value><field_value id="700000230"><value>KS0fe8fabf27daeda160e80bd0a679aaaf0</value></field_value><field_value id="700004956"/><field_value id="700001000"><value>0</value></field_value><field_value id="700004955"/><field_value id="536870917"><value>ID4ec3bccf8d8d4187668b5d977097b64e7</value></field_value><field_value id="700001202"><value>2</value></field_value><field_value id="536870913"><value>QLAYER_KSbf84b7b7d226cb94caef708e6907edc65</value></field_value><field_value id="700001048"/><field_value id="700001047"/><field_value id="700001046"/><field_value id="700001045"/><field_value id="700001044"/><field_value id="700001043"/><field_value id="490000700"/><field_value id="600000091"/><field_value id="179"><value>AG72b9625c89bbfd115e256f193a6cc2936</value></field_value><field_value id="600000090"/><field_value id="8"><value>na</value></field_value><field_value id="7"><value>0</value></field_value><field_value id="6"><value>1410130299</value></field_value><field_value id="600000043"/><field_value id="5"><value>Demo</value></field_value><field_value id="4"/><field_value id="600000042"/><field_value id="3"><value>1410130297</value></field_value><field_value id="2"><value>Demo</value></field_value><field_value id="1"><value>000000000026853</value></field_value></entry><entry id="000000000026854"><field_value id="700001003"/><field_value id="700001002"><value>_RecipientLanguageSelection</value></field_value><field_value id="700001001"/><field_value id="700000850"><value>KS91a91bd5bc038f14f5900e7231d59e923</value></field_value><field_value id="700000230"><value>KS4e4f7cd1c53e05ccd2cb68d3d1891a596</value></field_value><field_value id="700004956"/><field_value id="700001000"><value>0</value></field_value><field_value id="700004955"/><field_value id="536870917"><value>IDc4e7a2d3d50b3c3f0dd1dd3f64db20065</value></field_value><field_value id="700001202"><value>2</value></field_value><field_value id="536870913"><value>QLAYER_KS784d7249d6fd1a87391ac0b4b166de1b5</value></field_value><field_value id="700001048"/><field_value id="700001047"/><field_value id="700001046"/><field_value id="700001045"/><field_value id="700001044"/><field_value id="700001043"/><field_value id="490000700"/><field_value id="600000091"/><field_value id="179"><value>AG0bb1b49f1ab393d608805f1da80226eb5</value></field_value><field_value id="600000090"/><field_value id="8"><value>na</value></field_value><field_value id="7"><value>0</value></field_value><field_value id="6"><value>1410130455</value></field_value><field_value id="600000043"/><field_value id="5"><value>Demo</value></field_value><field_value id="4"/><field_value id="600000042"/><field_value id="3"><value>1410130451</value></field_value><field_value id="2"><value>Demo</value></field_value><field_value id="1"><value>000000000026854</value></field_value></entry><entry id="000000000026855"><field_value id="700001003"/><field_value id="700001002"><value>Save Button Section</value></field_value><field_value id="700001001"/><field_value id="700000850"><value>KS91a91bd5bc038f14f5900e7231d59e923</value></field_value><field_value id="700000230"><value>KS0fe8fabf27daeda160e80bd0a679aaaf0</value></field_value><field_value id="700004956"/><field_value id="700001000"><value>1</value></field_value><field_value id="700004955"/><field_value id="536870917"><value>ID4ec3bccf8d8d4187668b5d977097b64e7</value></field_value><field_value id="700001202"><value>1</value></field_value><field_value id="536870913"><value>SECTION_KSda5576c888911b194476b807f923a2947</value></field_value><field_value id="700001048"/><field_value id="700001047"/><field_value id="700001046"/><field_value id="700001045"/><field_value id="700001044"/><field_value id="700001043"/><field_value id="490000700"/><field_value id="600000091"/><field_value id="179"><value>AG21ad4607eb30cc240ebd04d14fdfd98a0</value></field_value><field_value id="600000090"/><field_value id="8"><value>na</value></field_value><field_value id="7"><value>0</value></field_value><field_value id="6"><value>1410132717</value></field_value><field_value id="600000043"/><field_value id="5"><value>Demo</value></field_value><field_value id="4"/><field_value id="600000042"/><field_value id="3"><value>1410132713</value></field_value><field_value id="2"><value>Demo</value></field_value><field_value id="1"><value>000000000026855</value></field_value></entry><entry id="000000000026856"><field_value id="700001003"/><field_value id="700001002"><value>Save Button Section</value></field_value><field_value id="700001001"/><field_value id="700000850"><value>KS91a91bd5bc038f14f5900e7231d59e923</value></field_value><field_value id="700000230"><value>KS4e4f7cd1c53e05ccd2cb68d3d1891a596</value></field_value><field_value id="700004956"/><field_value id="700001000"><value>1</value></field_value><field_value id="700004955"/><field_value id="536870917"><value>IDc4e7a2d3d50b3c3f0dd1dd3f64db20065</value></field_value><field_value id="700001202"><value>1</value></field_value><field_value id="536870913"><value>SECTION_KSda5576c888911b194476b807f923a2947</value></field_value><field_value id="700001048"/><field_value id="700001047"/><field_value id="700001046"/><field_value id="700001045"/><field_value id="700001044"/><field_value id="700001043"/><field_value id="490000700"/><field_value id="600000091"/><field_value id="179"><value>AGc8a72cf6668e7caa85ebd699185972876</value></field_value><field_value id="600000090"/><field_value id="8"><value>na</value></field_value><field_value id="7"><value>0</value></field_value><field_value id="6"><value>1410132738</value></field_value><field_value id="600000043"/><field_value id="5"><value>Demo</value></field_value><field_value id="4"/><field_value id="600000042"/><field_value id="3"><value>1410132737</value></field_value><field_value id="2"><value>Demo</value></field_value><field_value id="1"><value>000000000026856</value></field_value></entry><entry id="000000000026857"><field_value id="700001003"/><field_value id="700001002"><value>Save Button Section</value></field_value><field_value id="700001001"/><field_value id="700000850"><value>KS91a91bd5bc038f14f5900e7231d59e923</value></field_value><field_value id="700000230"><value>KS43d0fb80f2f031ce010318caf7dacc1d7</value></field_value><field_value id="700004956"/><field_value id="700001000"><value>1</value></field_value><field_value id="700004955"/><field_value id="536870917"><value>ID3024babd835cae24c8e9e6555443837a2</value></field_value><field_value id="700001202"><value>1</value></field_value><field_value id="536870913"><value>SECTION_KSda5576c888911b194476b807f923a2947</value></field_value><field_value id="700001048"/><field_value id="700001047"/><field_value id="700001046"/><field_value id="700001045"/><field_value id="700001044"/><field_value id="700001043"/><field_value id="490000700"/><field_value id="600000091"/><field_value id="179"><value>AGce6fdafae39104f8f4be072ec1ab78863</value></field_value><field_value id="600000090"/><field_value id="8"><value>na</value></field_value><field_value id="7"><value>0</value></field_value><field_value id="6"><value>1410132754</value></field_value><field_value id="600000043"/><field_value id="5"><value>Demo</value></field_value><field_value id="4"/><field_value id="600000042"/><field_value id="3"><value>1410132753</value></field_value><field_value id="2"><value>Demo</value></field_value><field_value id="1"><value>000000000026857</value></field_value></entry><entry id="000000000026858"><field_value id="700001003"/><field_value id="700001002"><value>Recipient Status</value></field_value><field_value id="700001001"/><field_value id="700000850"><value>KS91a91bd5bc038f14f5900e7231d59e923</value></field_value><field_value id="700000230"><value>KS4e4f7cd1c53e05ccd2cb68d3d1891a596</value></field_value><field_value id="700004956"/><field_value id="700001000"><value>1</value></field_value><field_value id="700004955"/><field_value id="536870917"><value>ID220b8d67c9f0c819cf684a6be4104d582</value></field_value><field_value id="700001202"><value>2</value></field_value><field_value id="536870913"><value>QLAYER_KSb7ffe7275568e20206e0ab5ab4750b111</value></field_value><field_value id="700001048"/><field_value id="700001047"/><field_value id="700001046"/><field_value id="700001045"/><field_value id="700001044"/><field_value id="700001043"/><field_value id="490000700"/><field_value id="600000091"/><field_value id="179"><value>AG857a4939cfa489d5228fdbeffb1f3979f</value></field_value><field_value id="600000090"/><field_value id="8"><value>na</value></field_value><field_value id="7"><value>0</value></field_value><field_value id="6"><value>1410141321</value></field_value><field_value id="600000043"/><field_value id="5"><value>Demo</value></field_value><field_value id="4"/><field_value id="600000042"/><field_value id="3"><value>1410141319</value></field_value><field_value id="2"><value>Demo</value></field_value><field_value id="1"><value>000000000026858</value></field_value></entry><entry id="000000000026859"><field_value id="700001003"/><field_value id="700001002"><value>Content Status</value></field_value><field_value id="700001001"/><field_value id="700000850"><value>KS91a91bd5bc038f14f5900e7231d59e923</value></field_value><field_value id="700000230"><value>KS43d0fb80f2f031ce010318caf7dacc1d7</value></field_value><field_value id="700004956"/><field_value id="700001000"><value>1</value></field_value><field_value id="700004955"/><field_value id="536870917"><value>IDd0e01ffd75d3c9060c6718e1eb2693a31</value></field_value><field_value id="700001202"><value>2</value></field_value><field_value id="536870913"><value>QLAYER_KSa03a2dca20a5ddac219015014c4e8af23</value></field_value><field_value id="700001048"/><field_value id="700001047"/><field_value id="700001046"/><field_value id="700001045"/><field_value id="700001044"/><field_value id="700001043"/><field_value id="490000700"/><field_value id="600000091"/><field_value id="179"><value>AG1fb543d0b4936b0c4d128d508e5404e57</value></field_value><field_value id="600000090"/><field_value id="8"><value>na</value></field_value><field_value id="7"><value>0</value></field_value><field_value id="6"><value>1410141344</value></field_value><field_value id="600000043"/><field_value id="5"><value>Demo</value></field_value><field_value id="4"/><field_value id="600000042"/><field_value id="3"><value>1410141342</value></field_value><field_value id="2"><value>Demo</value></field_value><field_value id="1"><value>000000000026859</value></field_value></entry><entry id="000000000026860"><field_value id="700001003"/><field_value id="700001002"><value>Content Status</value></field_value><field_value id="700001001"/><field_value id="700000850"><value>KS91a91bd5bc038f14f5900e7231d59e923</value></field_value><field_value id="700000230"><value>KS0fe8fabf27daeda160e80bd0a679aaaf0</value></field_value><field_value id="700004956"/><field_value id="700001000"><value>1</value></field_value><field_value id="700004955"/><field_value id="536870917"><value>IDfa9387e726ac8587c371d5c70120b6629</value></field_value><field_value id="700001202"><value>2</value></field_value><field_value id="536870913"><value>QLAYER_KSa03a2dca20a5ddac219015014c4e8af23</value></field_value><field_value id="700001048"/><field_value id="700001047"/><field_value id="700001046"/><field_value id="700001045"/><field_value id="700001044"/><field_value id="700001043"/><field_value id="490000700"/><field_value id="600000091"/><field_value id="179"><value>AG8cb19d6d6cda4e926316a61c391f803a7</value></field_value><field_value id="600000090"/><field_value id="8"><value>na</value></field_value><field_value id="7"><value>0</value></field_value><field_value id="6"><value>1410141375</value></field_value><field_value id="600000043"/><field_value id="5"><value>Demo</value></field_value><field_value id="4"/><field_value id="600000042"/><field_value id="3"><value>1410141367</value></field_value><field_value id="2"><value>Demo</value></field_value><field_value id="1"><value>000000000026860</value></field_value></entry><entry id="000000000026861"><field_value id="700001003"/><field_value id="700001002"><value>Recipient Status</value></field_value><field_value id="700001001"/><field_value id="700000850"><value>KS91a91bd5bc038f14f5900e7231d59e923</value></field_value><field_value id="700000230"><value>KS0fe8fabf27daeda160e80bd0a679aaaf0</value></field_value><field_value id="700004956"/><field_value id="700001000"><value>1</value></field_value><field_value id="700004955"/><field_value id="536870917"><value>IDfa9387e726ac8587c371d5c70120b6629</value></field_value><field_value id="700001202"><value>2</value></field_value><field_value id="536870913"><value>QLAYER_KSb7ffe7275568e20206e0ab5ab4750b111</value></field_value><field_value id="700001048"/><field_value id="700001047"/><field_value id="700001046"/><field_value id="700001045"/><field_value id="700001044"/><field_value id="700001043"/><field_value id="490000700"/><field_value id="600000091"/><field_value id="179"><value>AGd078d1f950de66c282f1fad6ec92b3d1f</value></field_value><field_value id="600000090"/><field_value id="8"><value>na</value></field_value><field_value id="7"><value>0</value></field_value><field_value id="6"><value>1410141375</value></field_value><field_value id="600000043"/><field_value id="5"><value>Demo</value></field_value><field_value id="4"/><field_value id="600000042"/><field_value id="3"><value>1410141374</value></field_value><field_value id="2"><value>Demo</value></field_value><field_value id="1"><value>000000000026861</value></field_value></entry><entry id="000000000026862"><field_value id="700001003"/><field_value id="700001002"><value>_Notification Name</value></field_value><field_value id="700001001"/><field_value id="700000850"><value>KS91a91bd5bc038f14f5900e7231d59e923</value></field_value><field_value id="700000230"><value>KS5751e86a4dd5673f82295e3c9b60aeeba</value></field_value><field_value id="700004956"/><field_value id="700001000"><value>1</value></field_value><field_value id="700004955"/><field_value id="536870917"><value>IDf805d7ebf043c495ed4daf0896c9dc0f1</value></field_value><field_value id="700001202"/><field_value id="536870913"><value>QLAYER_KS1b68692b4ac14c4c9f5ac73006101682c</value></field_value><field_value id="700001048"/><field_value id="700001047"/><field_value id="700001046"/><field_value id="700001045"/><field_value id="700001044"/><field_value id="700001043"/><field_value id="490000700"/><field_value id="600000091"/><field_value id="179"><value>AGa55cdb6b4ead8d58bf9ef2a73f088f515</value></field_value><field_value id="600000090"/><field_value id="8"><value>na</value></field_value><field_value id="7"><value>0</value></field_value><field_value id="6"><value>1410144916</value></field_value><field_value id="600000043"/><field_value id="5"><value>Demo</value></field_value><field_value id="4"/><field_value id="600000042"/><field_value id="3"><value>1410144916</value></field_value><field_value id="2"><value>Demo</value></field_value><field_value id="1"><value>000000000026862</value></field_value></entry><entry id="000000000026863"><field_value id="700001003"/><field_value id="700001002"><value>Content Table Section</value></field_value><field_value id="700001001"/><field_value id="700000850"><value>KS91a91bd5bc038f14f5900e7231d59e923</value></field_value><field_value id="700000230"><value>KS4e4f7cd1c53e05ccd2cb68d3d1891a596</value></field_value><field_value id="700004956"/><field_value id="700001000"><value>0</value></field_value><field_value id="700004955"/><field_value id="536870917"><value>IDc4e7a2d3d50b3c3f0dd1dd3f64db20065</value></field_value><field_value id="700001202"><value>1</value></field_value><field_value id="536870913"><value>SECTION_KS6094272a8a66e05c5aa05d66f193d11f0</value></field_value><field_value id="700001048"/><field_value id="700001047"/><field_value id="700001046"/><field_value id="700001045"/><field_value id="700001044"/><field_value id="700001043"/><field_value id="490000700"/><field_value id="600000091"/><field_value id="179"><value>AGb179ec26a043a6ba24029efa0c5f2bff8</value></field_value><field_value id="600000090"/><field_value id="8"><value>na</value></field_value><field_value id="7"><value>0</value></field_value><field_value id="6"><value>1413344576</value></field_value><field_value id="600000043"/><field_value id="5"><value>Demo</value></field_value><field_value id="4"/><field_value id="600000042"/><field_value id="3"><value>1413344568</value></field_value><field_value id="2"><value>Demo</value></field_value><field_value id="1"><value>000000000026863</value></field_value></entry><entry id="000000000026864"><field_value id="700001003"/><field_value id="700001002"><value>Add Content Button</value></field_value><field_value id="700001001"/><field_value id="700000850"><value>KS91a91bd5bc038f14f5900e7231d59e923</value></field_value><field_value id="700000230"><value>KS4e4f7cd1c53e05ccd2cb68d3d1891a596</value></field_value><field_value id="700004956"/><field_value id="700001000"><value>0</value></field_value><field_value id="700004955"/><field_value id="536870917"><value>IDc4e7a2d3d50b3c3f0dd1dd3f64db20065</value></field_value><field_value id="700001202"><value>6</value></field_value><field_value id="536870913"><value>DYNAMIC_TEXT_KS43d0fb80f2f031ce010318caf7dacc1d7</value></field_value><field_value id="700001048"/><field_value id="700001047"/><field_value id="700001046"/><field_value id="700001045"/><field_value id="700001044"/><field_value id="700001043"/><field_value id="490000700"/><field_value id="600000091"/><field_value id="179"><value>AG36ca5840e392b8b229632fd14098b3632</value></field_value><field_value id="600000090"/><field_value id="8"><value>na</value></field_value><field_value id="7"><value>0</value></field_value><field_value id="6"><value>1413344576</value></field_value><field_value id="600000043"/><field_value id="5"><value>Demo</value></field_value><field_value id="4"/><field_value id="600000042"/><field_value id="3"><value>1413344571</value></field_value><field_value id="2"><value>Demo</value></field_value><field_value id="1"><value>000000000026864</value></field_value></entry><entry id="000000000026865"><field_value id="700001003"/><field_value id="700001002"><value>Add Recipient Button</value></field_value><field_value id="700001001"/><field_value id="700000850"><value>KS91a91bd5bc038f14f5900e7231d59e923</value></field_value><field_value id="700000230"><value>KS4e4f7cd1c53e05ccd2cb68d3d1891a596</value></field_value><field_value id="700004956"/><field_value id="700001000"><value>0</value></field_value><field_value id="700004955"/><field_value id="536870917"><value>IDc4e7a2d3d50b3c3f0dd1dd3f64db20065</value></field_value><field_value id="700001202"><value>6</value></field_value><field_value id="536870913"><value>DYNAMIC_TEXT_KS4e4f7cd1c53e05ccd2cb68d3d1891a596</value></field_value><field_value id="700001048"/><field_value id="700001047"/><field_value id="700001046"/><field_value id="700001045"/><field_value id="700001044"/><field_value id="700001043"/><field_value id="490000700"/><field_value id="600000091"/><field_value id="179"><value>AGffb94098f1f06e2571ec2472ee825bfb3</value></field_value><field_value id="600000090"/><field_value id="8"><value>na</value></field_value><field_value id="7"><value>0</value></field_value><field_value id="6"><value>1413344576</value></field_value><field_value id="600000043"/><field_value id="5"><value>Demo</value></field_value><field_value id="4"/><field_value id="600000042"/><field_value id="3"><value>1413344574</value></field_value><field_value id="2"><value>Demo</value></field_value><field_value id="1"><value>000000000026865</value></field_value></entry><entry id="000000000026866"><field_value id="700001003"/><field_value id="700001002"><value>Add Content Button</value></field_value><field_value id="700001001"/><field_value id="700000850"><value>KS91a91bd5bc038f14f5900e7231d59e923</value></field_value><field_value id="700000230"><value>KS43d0fb80f2f031ce010318caf7dacc1d7</value></field_value><field_value id="700004956"/><field_value id="700001000"><value>0</value></field_value><field_value id="700004955"/><field_value id="536870917"><value>ID3024babd835cae24c8e9e6555443837a2</value></field_value><field_value id="700001202"><value>6</value></field_value><field_value id="536870913"><value>DYNAMIC_TEXT_KS43d0fb80f2f031ce010318caf7dacc1d7</value></field_value><field_value id="700001048"/><field_value id="700001047"/><field_value id="700001046"/><field_value id="700001045"/><field_value id="700001044"/><field_value id="700001043"/><field_value id="490000700"/><field_value id="600000091"/><field_value id="179"><value>AGfef29a5aa528c2ba317e032b2eb062935</value></field_value><field_value id="600000090"/><field_value id="8"><value>na</value></field_value><field_value id="7"><value>0</value></field_value><field_value id="6"><value>1413344611</value></field_value><field_value id="600000043"/><field_value id="5"><value>Demo</value></field_value><field_value id="4"/><field_value id="600000042"/><field_value id="3"><value>1413344598</value></field_value><field_value id="2"><value>Demo</value></field_value><field_value id="1"><value>000000000026866</value></field_value></entry><entry id="000000000026867"><field_value id="700001003"/><field_value id="700001002"><value>Add Recipient Button</value></field_value><field_value id="700001001"/><field_value id="700000850"><value>KS91a91bd5bc038f14f5900e7231d59e923</value></field_value><field_value id="700000230"><value>KS43d0fb80f2f031ce010318caf7dacc1d7</value></field_value><field_value id="700004956"/><field_value id="700001000"><value>0</value></field_value><field_value id="700004955"/><field_value id="536870917"><value>ID3024babd835cae24c8e9e6555443837a2</value></field_value><field_value id="700001202"><value>6</value></field_value><field_value id="536870913"><value>DYNAMIC_TEXT_KS4e4f7cd1c53e05ccd2cb68d3d1891a596</value></field_value><field_value id="700001048"/><field_value id="700001047"/><field_value id="700001046"/><field_value id="700001045"/><field_value id="700001044"/><field_value id="700001043"/><field_value id="490000700"/><field_value id="600000091"/><field_value id="179"><value>AG68045b2fca5f88931ff978eb7d6d7cce4</value></field_value><field_value id="600000090"/><field_value id="8"><value>na</value></field_value><field_value id="7"><value>0</value></field_value><field_value id="6"><value>1413344611</value></field_value><field_value id="600000043"/><field_value id="5"><value>Demo</value></field_value><field_value id="4"/><field_value id="600000042"/><field_value id="3"><value>1413344603</value></field_value><field_value id="2"><value>Demo</value></field_value><field_value id="1"><value>000000000026867</value></field_value></entry><entry id="000000000026868"><field_value id="700001003"/><field_value id="700001002"><value>Recipient Table Section</value></field_value><field_value id="700001001"/><field_value id="700000850"><value>KS91a91bd5bc038f14f5900e7231d59e923</value></field_value><field_value id="700000230"><value>KS43d0fb80f2f031ce010318caf7dacc1d7</value></field_value><field_value id="700004956"/><field_value id="700001000"><value>0</value></field_value><field_value id="700004955"/><field_value id="536870917"><value>ID3024babd835cae24c8e9e6555443837a2</value></field_value><field_value id="700001202"><value>1</value></field_value><field_value id="536870913"><value>SECTION_KS081c1317a31cfbf09418fc1d82d9fd7aa</value></field_value><field_value id="700001048"/><field_value id="700001047"/><field_value id="700001046"/><field_value id="700001045"/><field_value id="700001044"/><field_value id="700001043"/><field_value id="490000700"/><field_value id="600000091"/><field_value id="179"><value>AG0735af5e4367511a792bed6239df0a352</value></field_value><field_value id="600000090"/><field_value id="8"><value>na</value></field_value><field_value id="7"><value>0</value></field_value><field_value id="6"><value>1413344611</value></field_value><field_value id="600000043"/><field_value id="5"><value>Demo</value></field_value><field_value id="4"/><field_value id="600000042"/><field_value id="3"><value>1413344609</value></field_value><field_value id="2"><value>Demo</value></field_value><field_value id="1"><value>000000000026868</value></field_value></entry><entry id="000000000026869"><field_value id="700001003"/><field_value id="700001002"><value>Buttons</value></field_value><field_value id="700001001"/><field_value id="700000850"><value>KS91a91bd5bc038f14f5900e7231d59e923</value></field_value><field_value id="700000230"><value>KS43d0fb80f2f031ce010318caf7dacc1d7</value></field_value><field_value id="700004956"/><field_value id="700001000"><value>0</value></field_value><field_value id="700004955"/><field_value id="536870917"><value>ID3024babd835cae24c8e9e6555443837a2</value></field_value><field_value id="700001202"><value>6</value></field_value><field_value id="536870913"><value>DYNAMIC_TEXT_KS0fe8fabf27daeda160e80bd0a679aaaf0</value></field_value><field_value id="700001048"/><field_value id="700001047"/><field_value id="700001046"/><field_value id="700001045"/><field_value id="700001044"/><field_value id="700001043"/><field_value id="490000700"/><field_value id="600000091"/><field_value id="179"><value>AG831e70692729dfa52f09958ca6dce1bc1</value></field_value><field_value id="600000090"/><field_value id="8"><value>na</value></field_value><field_value id="7"><value>0</value></field_value><field_value id="6"><value>1413426189</value></field_value><field_value id="600000043"/><field_value id="5"><value>Demo</value></field_value><field_value id="4"/><field_value id="600000042"/><field_value id="3"><value>1413426186</value></field_value><field_value id="2"><value>Demo</value></field_value><field_value id="1"><value>000000000026869</value></field_value></entry><entry id="000000000026870"><field_value id="700001003"/><field_value id="700001002"><value>_Notification Name</value></field_value><field_value id="700001001"/><field_value id="700000850"><value>KS91a91bd5bc038f14f5900e7231d59e923</value></field_value><field_value id="700000230"><value>KS43d0fb80f2f031ce010318caf7dacc1d7</value></field_value><field_value id="700004956"/><field_value id="700001000"><value>1</value></field_value><field_value id="700004955"/><field_value id="536870917"><value>IDd0e01ffd75d3c9060c6718e1eb2693a31</value></field_value><field_value id="700001202"><value>2</value></field_value><field_value id="536870913"><value>QLAYER_KS1b68692b4ac14c4c9f5ac73006101682c</value></field_value><field_value id="700001048"/><field_value id="700001047"/><field_value id="700001046"/><field_value id="700001045"/><field_value id="700001044"/><field_value id="700001043"/><field_value id="490000700"/><field_value id="600000091"/><field_value id="179"><value>AG04cc9c3dd49f5c2eab29c47d1daa9f705</value></field_value><field_value id="600000090"/><field_value id="8"><value>na</value></field_value><field_value id="7"><value>0</value></field_value><field_value id="6"><value>1413426217</value></field_value><field_value id="600000043"/><field_value id="5"><value>Demo</value></field_value><field_value id="4"/><field_value id="600000042"/><field_value id="3"><value>1413426216</value></field_value><field_value id="2"><value>Demo</value></field_value><field_value id="1"><value>000000000026870</value></field_value></entry><entry id="000000000026871"><field_value id="700001003"/><field_value id="700001002"><value>Buttons</value></field_value><field_value id="700001001"/><field_value id="700000850"><value>KS91a91bd5bc038f14f5900e7231d59e923</value></field_value><field_value id="700000230"><value>KS4e4f7cd1c53e05ccd2cb68d3d1891a596</value></field_value><field_value id="700004956"/><field_value id="700001000"><value>0</value></field_value><field_value id="700004955"/><field_value id="536870917"><value>IDc4e7a2d3d50b3c3f0dd1dd3f64db20065</value></field_value><field_value id="700001202"><value>6</value></field_value><field_value id="536870913"><value>DYNAMIC_TEXT_KS0fe8fabf27daeda160e80bd0a679aaaf0</value></field_value><field_value id="700001048"/><field_value id="700001047"/><field_value id="700001046"/><field_value id="700001045"/><field_value id="700001044"/><field_value id="700001043"/><field_value id="490000700"/><field_value id="600000091"/><field_value id="179"><value>AG33ae5a024cd79d032cf98d312c630b1ba</value></field_value><field_value id="600000090"/><field_value id="8"><value>na</value></field_value><field_value id="7"><value>0</value></field_value><field_value id="6"><value>1413426239</value></field_value><field_value id="600000043"/><field_value id="5"><value>Demo</value></field_value><field_value id="4"/><field_value id="600000042"/><field_value id="3"><value>1413426238</value></field_value><field_value id="2"><value>Demo</value></field_value><field_value id="1"><value>000000000026871</value></field_value></entry><entry id="000000000026872"><field_value id="700001003"/><field_value id="700001002"><value>_Notification Name</value></field_value><field_value id="700001001"/><field_value id="700000850"><value>KS91a91bd5bc038f14f5900e7231d59e923</value></field_value><field_value id="700000230"><value>KS4e4f7cd1c53e05ccd2cb68d3d1891a596</value></field_value><field_value id="700004956"/><field_value id="700001000"><value>1</value></field_value><field_value id="700004955"/><field_value id="536870917"><value>ID220b8d67c9f0c819cf684a6be4104d582</value></field_value><field_value id="700001202"><value>2</value></field_value><field_value id="536870913"><value>QLAYER_KS1b68692b4ac14c4c9f5ac73006101682c</value></field_value><field_value id="700001048"/><field_value id="700001047"/><field_value id="700001046"/><field_value id="700001045"/><field_value id="700001044"/><field_value id="700001043"/><field_value id="490000700"/><field_value id="600000091"/><field_value id="179"><value>AGff6f8eb862a36fb6c3b2fc7b301dba49a</value></field_value><field_value id="600000090"/><field_value id="8"><value>na</value></field_value><field_value id="7"><value>0</value></field_value><field_value id="6"><value>1413426250</value></field_value><field_value id="600000043"/><field_value id="5"><value>Demo</value></field_value><field_value id="4"/><field_value id="600000042"/><field_value id="3"><value>1413426249</value></field_value><field_value id="2"><value>Demo</value></field_value><field_value id="1"><value>000000000026872</value></field_value></entry></instance></xform></arsystem_xml_report>