<?xml version="1.0" encoding="UTF-8"?>
<arsystem_xml_report><xform id="KS_TSK_Tree" remedy="http://www.w3.org/2000/xforms"><instance><field-info><field><name>Source</name><id>700000900</id><type>CHAR</type></field><field><name>Subtree Id</name><id>700000960</id><type>CHAR</type></field><field><name>Name</name><id>700001000</id><type>CHAR</type></field><field><name>Source Group</name><id>700000911</id><type>CHAR</type></field><field><name>Association ID</name><id>700000800</id><type>CHAR</type></field><field><name>instanceId</name><id>179</id><type>CHAR</type></field><field><name>Notes</name><id>700000985</id><type>CHAR</type></field><field><name>Assignee Group</name><id>112</id><type>CHAR</type></field><field><name>Tree XML</name><id>700000950</id><type>CHAR</type></field><field><name>Description</name><id>8</id><type>CHAR</type></field><field><name>Status</name><id>7</id><type>ENUM</type></field><field><name>Modified Date</name><id>6</id><type>TIME</type></field><field><name>Last Modified By</name><id>5</id><type>CHAR</type></field><field><name>Assigned To</name><id>4</id><type>CHAR</type></field><field><name>Create Date</name><id>3</id><type>TIME</type></field><field><name>Type</name><id>700000999</id><type>CHAR</type></field><field><name>Submitter</name><id>2</id><type>CHAR</type></field><field><name>Request ID</name><id>1</id><type>CHAR</type></field></field-info><entry id="000000000009505"><field_value id="700000900"><value>Kinetic Request</value></field_value><field_value id="700000960"/><field_value id="700001000"><value>Notification Entry</value></field_value><field_value id="700000911"><value>Data Management &gt; Notification Manager</value></field_value><field_value id="700000800"><value>KS91a91bd5bc038f14f5900e7231d59e923</value></field_value><field_value id="179"><value>IDb5a0ecc47a0dace676a3ba1e73afa7845</value></field_value><field_value id="700000985"><value>A new task process</value></field_value><field_value id="112"><value>0;</value></field_value><field_value id="700000950"><value>&lt;taskTree schema_version="1.0" version="" builder_version="3.1.0"&gt;&lt;name&gt;Notification Entry&lt;/name&gt;&lt;author/&gt;&lt;notes/&gt;&lt;lastID&gt;13&lt;/lastID&gt;&lt;request&gt;&lt;task name="Start" id="start" definition_id="system_start_v1" x="10" y="10"&gt;&lt;version&gt;1&lt;/version&gt;&lt;configured&gt;true&lt;/configured&gt;&lt;defers&gt;false&lt;/defers&gt;&lt;deferrable&gt;false&lt;/deferrable&gt;&lt;visible&gt;false&lt;/visible&gt;&lt;parameters/&gt;&lt;messages/&gt;&lt;dependents&gt;&lt;task type="Complete" label="" value=""&gt;kinetic_helper_record_find_v3_4&lt;/task&gt;&lt;task type="Complete" label="Predefined recipient" value="@answers['Predefined Recipient']==&amp;quot;Predefined recipient&amp;quot;"&gt;kinetic_helper_record_find_v3_5&lt;/task&gt;&lt;/dependents&gt;&lt;/task&gt;
        &lt;task name="Create content record" id="kinetic_helper_record_create_v2_1" definition_id="kinetic_helper_record_create_v2" x="215.234375" y="220"&gt;
      &lt;version&gt;2&lt;/version&gt;
      &lt;configured&gt;true&lt;/configured&gt;
      &lt;defers&gt;false&lt;/defers&gt;
      &lt;deferrable&gt;false&lt;/deferrable&gt;
      &lt;visible&gt;false&lt;/visible&gt;
      &lt;parameters&gt;
		&lt;parameter id="SurveyInstanceID" label="SurveyInstanceID" required="false" tooltip="SurveyInstanceID" menu=""/&gt;
		&lt;parameter id="CustomerSurveyInstanceID" label="CustomerSurveyInstanceID" required="false" tooltip="CustomerSurveyInstanceID" menu=""/&gt;
		&lt;parameter id="Index Field1" label="Index Field1" required="false" tooltip="Index Field1" menu=""&gt;Notification Content&lt;/parameter&gt;
        &lt;parameter id="Index Field2" label="Index Field2" required="false" tooltip="Index Field2" menu=""&gt;&amp;lt;%=@answers['Notification Name']%&amp;gt;&lt;/parameter&gt;
        &lt;parameter id="Index Field3" label="Index Field3" required="false" tooltip="Index Field3" menu=""&gt;&amp;lt;%=@answers['Organization']%&amp;gt;&lt;/parameter&gt;
        &lt;parameter id="Character Field1" label="Character Field1" required="false" tooltip="Character Field1" menu=""&gt;&amp;lt;%=@answers['Language']%&amp;gt;&lt;/parameter&gt;
		&lt;parameter id="Character Field2" label="Character Field2" required="false" tooltip="Character Field2" menu=""/&gt;
		&lt;parameter id="Character Field3" label="Character Field3" required="false" tooltip="Character Field3" menu=""/&gt;
		&lt;parameter id="Character Field4" label="Character Field4" required="false" tooltip="Character Field4" menu=""/&gt;
		&lt;parameter id="Character Field5" label="Character Field5" required="false" tooltip="Character Field5" menu=""/&gt;
		&lt;parameter id="Character Field6" label="Character Field6" required="false" tooltip="Character Field6" menu=""/&gt;
		&lt;parameter id="Character Field7" label="Character Field7" required="false" tooltip="Character Field7" menu=""/&gt;
		&lt;parameter id="Character Field8" label="Character Field8" required="false" tooltip="Character Field8" menu=""/&gt;
		&lt;parameter id="Character Field9" label="Character Field9" required="false" tooltip="Character Field9" menu=""/&gt;
		&lt;parameter id="Character Field10" label="Character Field10" required="false" tooltip="Character Field10" menu=""/&gt;
		&lt;parameter id="Character Field11" label="Character Field11" required="false" tooltip="Character Field11" menu=""/&gt;
		&lt;parameter id="Character Field12" label="Character Field12" required="false" tooltip="Character Field12" menu=""/&gt;
		&lt;parameter id="Character Field13" label="Character Field13" required="false" tooltip="Character Field13" menu=""&gt;&amp;lt;%=@answers['Subject Line']%&amp;gt;&lt;/parameter&gt;
		&lt;parameter id="Character Field14" label="Character Field14" required="false" tooltip="Character Field14" menu=""&gt;&amp;lt;%=@answers['Message Body']%&amp;gt;&lt;/parameter&gt;
		&lt;parameter id="Integer Field1" label="Integer Field1" required="false" tooltip="Integer Field1" menu=""/&gt;
		&lt;parameter id="Integer Field2" label="Integer Field2" required="false" tooltip="Integer Field2" menu=""/&gt;
		&lt;parameter id="Integer Field3" label="Integer Field3" required="false" tooltip="Integer Field3" menu=""/&gt;
		&lt;parameter id="Integer Field4" label="Integer Field4" required="false" tooltip="Integer Field4" menu=""/&gt;
		&lt;parameter id="Integer Field5" label="Integer Field5" required="false" tooltip="Integer Field5" menu=""/&gt;
		&lt;parameter id="Integer Field6" label="Integer Field6" required="false" tooltip="Integer Field6" menu=""/&gt;
		&lt;parameter id="Date Field1" label="Date Field1" required="false" tooltip="Date Field1" menu=""/&gt;
		&lt;parameter id="Date Field2" label="Date Field2" required="false" tooltip="Date Field2" menu=""/&gt;
		&lt;parameter id="Date Field3" label="Date Field3" required="false" tooltip="Date Field3" menu=""/&gt;
		&lt;parameter id="Date Field4" label="Date Field4" required="false" tooltip="Date Field4" menu=""/&gt;
		&lt;parameter id="Date Field5" label="Date Field5" required="false" tooltip="Date Field5" menu=""/&gt;
		&lt;parameter id="Date Field6" label="Date Field6" required="false" tooltip="Date Field6" menu=""/&gt;
		&lt;parameter id="Date Field7" label="Date Field7" required="false" tooltip="Date Field7" menu=""/&gt;
		&lt;parameter id="Date/Time Field1" label="Date/Time Field1" required="false" tooltip="Date/Time Field1" menu=""/&gt;
		&lt;parameter id="Date/Time Field2" label="Date/Time Field2" required="false" tooltip="Date/Time Field2" menu=""/&gt;
		&lt;parameter id="Date/Time Field3" label="Date/Time Field3" required="false" tooltip="Date/Time Field3" menu=""/&gt;
		&lt;parameter id="Date/Time Field4" label="Date/Time Field4" required="false" tooltip="Date/Time Field4" menu=""/&gt;
		&lt;parameter id="Date/Time Field5" label="Date/Time Field5" required="false" tooltip="Date/Time Field5" menu=""/&gt;
		&lt;parameter id="Date/Time Field6" label="Date/Time Field6" required="false" tooltip="Date/Time Field6" menu=""/&gt;
		&lt;parameter id="Date/Time Field7" label="Date/Time Field7" required="false" tooltip="Date/Time Field7" menu=""/&gt;
		&lt;parameter id="Time Field1" label="Time Field1" required="false" tooltip="Time Field1" menu=""/&gt;
		&lt;parameter id="Time Field2" label="Time Field2" required="false" tooltip="Time Field2" menu=""/&gt;
		&lt;parameter id="Time Field3" label="Time Field3" required="false" tooltip="Time Field3" menu=""/&gt;
		&lt;parameter id="Time Field4" label="Time Field4" required="false" tooltip="Time Field4" menu=""/&gt;
		&lt;parameter id="Time Field5" label="Time Field5" required="false" tooltip="Time Field5" menu=""/&gt;
		&lt;parameter id="Time Field6" label="Time Field6" required="false" tooltip="Time Field6" menu=""/&gt;
		&lt;parameter id="Time Field7" label="Time Field7" required="false" tooltip="Time Field7" menu=""/&gt;
    &lt;/parameters&gt;&lt;messages&gt;
        &lt;message type="Create"/&gt;
        &lt;message type="Update"/&gt;
        &lt;message type="Complete"/&gt;
      &lt;/messages&gt;
      &lt;dependents&gt;&lt;task type="Complete" label="" value=""&gt;system_join_v1_10&lt;/task&gt;&lt;/dependents&gt;
    &lt;/task&gt;
      
        &lt;task name="Update existing content record" id="kinetic_helper_record_update_v2_2" definition_id="kinetic_helper_record_update_v2" x="23.109375" y="232.53125"&gt;
      &lt;version&gt;2&lt;/version&gt;
      &lt;configured&gt;true&lt;/configured&gt;
      &lt;defers&gt;false&lt;/defers&gt;
      &lt;deferrable&gt;false&lt;/deferrable&gt;
      &lt;visible&gt;false&lt;/visible&gt;
      &lt;parameters&gt;
		&lt;parameter id="Request ID" label="Request ID" required="true" tooltip="Enter the Request ID, stored in Request ID of the KS_SRV_Helper form" menu=""&gt;&amp;lt;%=@results['Look for existing notification content records']['Entry Id']%&amp;gt;&lt;/parameter&gt;	
		&lt;parameter id="Status" label="Status" required="true" menu="Active,Inactive,Delete" tooltip="Enter the Request ID, stored in Request ID of the KS_SRV_Helper form"&gt;Active&lt;/parameter&gt;
		&lt;parameter id="SurveyInstanceID" label="SurveyInstanceID" required="false" tooltip="SurveyInstanceID" menu=""/&gt;
		&lt;parameter id="CustomerSurveyInstanceID" label="CustomerSurveyInstanceID" required="false" tooltip="CustomerSurveyInstanceID" menu=""/&gt;
		&lt;parameter id="Index Field1" label="Index Field1" required="false" tooltip="Index Field1" menu=""/&gt;
		&lt;parameter id="Index Field2" label="Index Field1" required="false" tooltip="Index Field2" menu=""/&gt;
		&lt;parameter id="Index Field3" label="Index Field1" required="false" tooltip="Index Field3" menu=""/&gt;
		&lt;parameter id="Character Field1" label="Character Field1" required="false" tooltip="Character Field1" menu=""/&gt;
		&lt;parameter id="Character Field2" label="Character Field2" required="false" tooltip="Character Field2" menu=""/&gt;
		&lt;parameter id="Character Field3" label="Character Field3" required="false" tooltip="Character Field3" menu=""/&gt;
		&lt;parameter id="Character Field4" label="Character Field4" required="false" tooltip="Character Field4" menu=""/&gt;
		&lt;parameter id="Character Field5" label="Character Field5" required="false" tooltip="Character Field5" menu=""/&gt;
		&lt;parameter id="Character Field6" label="Character Field6" required="false" tooltip="Character Field6" menu=""/&gt;
		&lt;parameter id="Character Field7" label="Character Field7" required="false" tooltip="Character Field7" menu=""/&gt;
		&lt;parameter id="Character Field8" label="Character Field8" required="false" tooltip="Character Field8" menu=""/&gt;
		&lt;parameter id="Character Field9" label="Character Field9" required="false" tooltip="Character Field9" menu=""/&gt;
		&lt;parameter id="Character Field10" label="Character Field10" required="false" tooltip="Character Field10" menu=""/&gt;
		&lt;parameter id="Character Field11" label="Character Field11" required="false" tooltip="Character Field11" menu=""/&gt;
		&lt;parameter id="Character Field12" label="Character Field12" required="false" tooltip="Character Field12" menu=""/&gt;
		&lt;parameter id="Character Field13" label="Character Field13" required="false" tooltip="Character Field13" menu=""&gt;&amp;lt;%=@answers['Subject Line']%&amp;gt;&lt;/parameter&gt;
		&lt;parameter id="Character Field14" label="Character Field14" required="false" tooltip="Character Field14" menu=""&gt;&amp;lt;%=@answers['Message Body']%&amp;gt;&lt;/parameter&gt;
		&lt;parameter id="Integer Field1" label="Integer Field1" required="false" tooltip="Integer Field1" menu=""/&gt;
		&lt;parameter id="Integer Field2" label="Integer Field2" required="false" tooltip="Integer Field2" menu=""/&gt;
		&lt;parameter id="Integer Field3" label="Integer Field3" required="false" tooltip="Integer Field3" menu=""/&gt;
		&lt;parameter id="Integer Field4" label="Integer Field4" required="false" tooltip="Integer Field4" menu=""/&gt;
		&lt;parameter id="Integer Field5" label="Integer Field5" required="false" tooltip="Integer Field5" menu=""/&gt;
		&lt;parameter id="Integer Field6" label="Integer Field6" required="false" tooltip="Integer Field6" menu=""/&gt;
		&lt;parameter id="Date Field1" label="Date Field1" required="false" tooltip="Date Field1" menu=""/&gt;
		&lt;parameter id="Date Field2" label="Date Field2" required="false" tooltip="Date Field2" menu=""/&gt;
		&lt;parameter id="Date Field3" label="Date Field3" required="false" tooltip="Date Field3" menu=""/&gt;
		&lt;parameter id="Date Field4" label="Date Field4" required="false" tooltip="Date Field4" menu=""/&gt;
		&lt;parameter id="Date Field5" label="Date Field5" required="false" tooltip="Date Field5" menu=""/&gt;
		&lt;parameter id="Date Field6" label="Date Field6" required="false" tooltip="Date Field6" menu=""/&gt;
		&lt;parameter id="Date Field7" label="Date Field7" required="false" tooltip="Date Field7" menu=""/&gt;
		&lt;parameter id="Date/Time Field1" label="Date/Time Field1" required="false" tooltip="Date/Time Field1" menu=""/&gt;
		&lt;parameter id="Date/Time Field2" label="Date/Time Field2" required="false" tooltip="Date/Time Field2" menu=""/&gt;
		&lt;parameter id="Date/Time Field3" label="Date/Time Field3" required="false" tooltip="Date/Time Field3" menu=""/&gt;
		&lt;parameter id="Date/Time Field4" label="Date/Time Field4" required="false" tooltip="Date/Time Field4" menu=""/&gt;
		&lt;parameter id="Date/Time Field5" label="Date/Time Field5" required="false" tooltip="Date/Time Field5" menu=""/&gt;
		&lt;parameter id="Date/Time Field6" label="Date/Time Field6" required="false" tooltip="Date/Time Field6" menu=""/&gt;
		&lt;parameter id="Date/Time Field7" label="Date/Time Field7" required="false" tooltip="Date/Time Field7" menu=""/&gt;
		&lt;parameter id="Time Field1" label="Time Field1" required="false" tooltip="Time Field1" menu=""/&gt;
		&lt;parameter id="Time Field2" label="Time Field2" required="false" tooltip="Time Field2" menu=""/&gt;
		&lt;parameter id="Time Field3" label="Time Field3" required="false" tooltip="Time Field3" menu=""/&gt;
		&lt;parameter id="Time Field4" label="Time Field4" required="false" tooltip="Time Field4" menu=""/&gt;
		&lt;parameter id="Time Field5" label="Time Field5" required="false" tooltip="Time Field5" menu=""/&gt;
		&lt;parameter id="Time Field6" label="Time Field6" required="false" tooltip="Time Field6" menu=""/&gt;
		&lt;parameter id="Time Field7" label="Time Field7" required="false" tooltip="Time Field7" menu=""/&gt;
    &lt;/parameters&gt;&lt;messages&gt;
        &lt;message type="Create"/&gt;
        &lt;message type="Update"/&gt;
        &lt;message type="Complete"/&gt;
      &lt;/messages&gt;
      &lt;dependents&gt;&lt;task type="Complete" label="" value=""&gt;system_join_v1_10&lt;/task&gt;&lt;/dependents&gt;
    &lt;/task&gt;
      
        
      
        &lt;task name="Look for existing notification content record" id="kinetic_helper_record_find_v3_4" definition_id="kinetic_helper_record_find_v3" x="111.9375" y="96.828125"&gt;
      &lt;version&gt;3&lt;/version&gt;
      &lt;configured&gt;true&lt;/configured&gt;
      &lt;defers&gt;false&lt;/defers&gt;
      &lt;deferrable&gt;false&lt;/deferrable&gt;
      &lt;visible&gt;false&lt;/visible&gt;
      &lt;parameters&gt;
		&lt;parameter id="SurveyInstanceID" label="SurveyInstanceID" required="false" tooltip="SurveyInstanceID" menu=""/&gt;
		&lt;parameter id="CustomerSurveyInstanceID" label="CustomerSurveyInstanceID" required="false" tooltip="CustomerSurveyInstanceID" menu=""/&gt;
		&lt;parameter id="Index Field1" label="Index Field1" required="false" tooltip="Index Field1" menu=""&gt;Notification Content&lt;/parameter&gt;
        &lt;parameter id="Index Field2" label="Index Field2" required="false" tooltip="Index Field2" menu=""&gt;&amp;lt;%=@answers['Notification Name']%&amp;gt;&lt;/parameter&gt;
        &lt;parameter id="Index Field3" label="Index Field3" required="false" tooltip="Index Field3" menu=""&gt;&amp;lt;%=@answers['Organization']%&amp;gt;&lt;/parameter&gt;
        &lt;parameter id="Character Field1" label="Character Field1" required="false" tooltip="Character Field1" menu=""&gt;&amp;lt;%=@answers['Language']%&amp;gt;&lt;/parameter&gt;
		&lt;parameter id="Character Field2" label="Character Field2" required="false" tooltip="Character Field2" menu=""/&gt;
		&lt;parameter id="Character Field3" label="Character Field3" required="false" tooltip="Character Field3" menu=""/&gt;
		&lt;parameter id="Character Field4" label="Character Field4" required="false" tooltip="Character Field4" menu=""/&gt;
		&lt;parameter id="Character Field5" label="Character Field5" required="false" tooltip="Character Field5" menu=""/&gt;
		&lt;parameter id="Character Field6" label="Character Field6" required="false" tooltip="Character Field6" menu=""/&gt;
		&lt;parameter id="Character Field7" label="Character Field7" required="false" tooltip="Character Field7" menu=""/&gt;
		&lt;parameter id="Character Field8" label="Character Field8" required="false" tooltip="Character Field8" menu=""/&gt;
		&lt;parameter id="Character Field9" label="Character Field9" required="false" tooltip="Character Field9" menu=""/&gt;
		&lt;parameter id="Character Field10" label="Character Field10" required="false" tooltip="Character Field10" menu=""/&gt;
		&lt;parameter id="Character Field11" label="Character Field11" required="false" tooltip="Character Field11" menu=""/&gt;
		&lt;parameter id="Character Field12" label="Character Field12" required="false" tooltip="Character Field12" menu=""/&gt;
		&lt;parameter id="Character Field13" label="Character Field13" required="false" tooltip="Character Field13" menu=""/&gt;
		&lt;parameter id="Character Field14" label="Character Field14" required="false" tooltip="Character Field14" menu=""/&gt;
		&lt;parameter id="Integer Field1" label="Integer Field1" required="false" tooltip="Integer Field1" menu=""/&gt;
		&lt;parameter id="Integer Field2" label="Integer Field2" required="false" tooltip="Integer Field2" menu=""/&gt;
		&lt;parameter id="Integer Field3" label="Integer Field3" required="false" tooltip="Integer Field3" menu=""/&gt;
		&lt;parameter id="Integer Field4" label="Integer Field4" required="false" tooltip="Integer Field4" menu=""/&gt;
		&lt;parameter id="Integer Field5" label="Integer Field5" required="false" tooltip="Integer Field5" menu=""/&gt;
		&lt;parameter id="Integer Field6" label="Integer Field6" required="false" tooltip="Integer Field6" menu=""/&gt;
		&lt;parameter id="Date Field1" label="Date Field1" required="false" tooltip="Date Field1" menu=""/&gt;
		&lt;parameter id="Date Field2" label="Date Field2" required="false" tooltip="Date Field2" menu=""/&gt;
		&lt;parameter id="Date Field3" label="Date Field3" required="false" tooltip="Date Field3" menu=""/&gt;
		&lt;parameter id="Date Field4" label="Date Field4" required="false" tooltip="Date Field4" menu=""/&gt;
		&lt;parameter id="Date Field5" label="Date Field5" required="false" tooltip="Date Field5" menu=""/&gt;
		&lt;parameter id="Date Field6" label="Date Field6" required="false" tooltip="Date Field6" menu=""/&gt;
		&lt;parameter id="Date Field7" label="Date Field7" required="false" tooltip="Date Field7" menu=""/&gt;
		&lt;parameter id="Date/Time Field1" label="Date/Time Field1" required="false" tooltip="Date/Time Field1" menu=""/&gt;
		&lt;parameter id="Date/Time Field2" label="Date/Time Field2" required="false" tooltip="Date/Time Field2" menu=""/&gt;
		&lt;parameter id="Date/Time Field3" label="Date/Time Field3" required="false" tooltip="Date/Time Field3" menu=""/&gt;
		&lt;parameter id="Date/Time Field4" label="Date/Time Field4" required="false" tooltip="Date/Time Field4" menu=""/&gt;
		&lt;parameter id="Date/Time Field5" label="Date/Time Field5" required="false" tooltip="Date/Time Field5" menu=""/&gt;
		&lt;parameter id="Date/Time Field6" label="Date/Time Field6" required="false" tooltip="Date/Time Field6" menu=""/&gt;
		&lt;parameter id="Date/Time Field7" label="Date/Time Field7" required="false" tooltip="Date/Time Field7" menu=""/&gt;
		&lt;parameter id="Time Field1" label="Time Field1" required="false" tooltip="Time Field1" menu=""/&gt;
		&lt;parameter id="Time Field2" label="Time Field2" required="false" tooltip="Time Field2" menu=""/&gt;
		&lt;parameter id="Time Field3" label="Time Field3" required="false" tooltip="Time Field3" menu=""/&gt;
		&lt;parameter id="Time Field4" label="Time Field4" required="false" tooltip="Time Field4" menu=""/&gt;
		&lt;parameter id="Time Field5" label="Time Field5" required="false" tooltip="Time Field5" menu=""/&gt;
		&lt;parameter id="Time Field6" label="Time Field6" required="false" tooltip="Time Field6" menu=""/&gt;
		&lt;parameter id="Time Field7" label="Time Field7" required="false" tooltip="Time Field7" menu=""/&gt;
    &lt;/parameters&gt;&lt;messages&gt;
        &lt;message type="Create"/&gt;
        &lt;message type="Update"/&gt;
        &lt;message type="Complete"/&gt;
      &lt;/messages&gt;
      &lt;dependents&gt;&lt;task type="Complete" label="No record found" value="@results['Look for existing notification content record']['Entry Id'].nil? || @results['Look for existing notification content record']['Entry Id']==&amp;quot;&amp;quot;"&gt;kinetic_helper_record_create_v2_1&lt;/task&gt;&lt;task type="Complete" label="Record found" value="!@results['Look for existing notification content record']['Entry Id'].nil? &amp;amp;&amp;amp; @results['Look for existing notification content record']['Entry Id']&amp;gt;&amp;quot;&amp;quot;"&gt;kinetic_helper_record_update_v2_2&lt;/task&gt;&lt;/dependents&gt;
    &lt;/task&gt;
      
        &lt;task name="Look for existing notification recipient record" id="kinetic_helper_record_find_v3_5" definition_id="kinetic_helper_record_find_v3" x="528" y="58"&gt;
      &lt;version&gt;3&lt;/version&gt;
      &lt;configured&gt;true&lt;/configured&gt;
      &lt;defers&gt;false&lt;/defers&gt;
      &lt;deferrable&gt;false&lt;/deferrable&gt;
      &lt;visible&gt;false&lt;/visible&gt;
      &lt;parameters&gt;
		&lt;parameter id="SurveyInstanceID" label="SurveyInstanceID" required="false" tooltip="SurveyInstanceID" menu=""/&gt;
		&lt;parameter id="CustomerSurveyInstanceID" label="CustomerSurveyInstanceID" required="false" tooltip="CustomerSurveyInstanceID" menu=""/&gt;
		&lt;parameter id="Index Field1" label="Index Field1" required="false" tooltip="Index Field1" menu=""&gt;Notification Recipient&lt;/parameter&gt;
        &lt;parameter id="Index Field2" label="Index Field2" required="false" tooltip="Index Field2" menu=""&gt;&amp;lt;%=@answers['Notification Name']%&amp;gt;&lt;/parameter&gt;
        &lt;parameter id="Index Field3" label="Index Field3" required="false" tooltip="Index Field3" menu=""&gt;&amp;lt;%=@answers['Organization']%&amp;gt;&lt;/parameter&gt;
        &lt;parameter id="Character Field1" label="Character Field1" required="false" tooltip="Character Field1" menu=""/&gt;
		&lt;parameter id="Character Field2" label="Character Field2" required="false" tooltip="Character Field2" menu=""&gt;&amp;lt;%=@answers['Language']%&amp;gt;&lt;/parameter&gt;
		&lt;parameter id="Character Field3" label="Character Field3" required="false" tooltip="Character Field3" menu=""/&gt;
		&lt;parameter id="Character Field4" label="Character Field4" required="false" tooltip="Character Field4" menu=""/&gt;
		&lt;parameter id="Character Field5" label="Character Field5" required="false" tooltip="Character Field5" menu=""/&gt;
		&lt;parameter id="Character Field6" label="Character Field6" required="false" tooltip="Character Field6" menu=""/&gt;
		&lt;parameter id="Character Field7" label="Character Field7" required="false" tooltip="Character Field7" menu=""/&gt;
		&lt;parameter id="Character Field8" label="Character Field8" required="false" tooltip="Character Field8" menu=""/&gt;
		&lt;parameter id="Character Field9" label="Character Field9" required="false" tooltip="Character Field9" menu=""/&gt;
		&lt;parameter id="Character Field10" label="Character Field10" required="false" tooltip="Character Field10" menu=""/&gt;
		&lt;parameter id="Character Field11" label="Character Field11" required="false" tooltip="Character Field11" menu=""/&gt;
		&lt;parameter id="Character Field12" label="Character Field12" required="false" tooltip="Character Field12" menu=""/&gt;
		&lt;parameter id="Character Field13" label="Character Field13" required="false" tooltip="Character Field13" menu=""/&gt;
		&lt;parameter id="Character Field14" label="Character Field14" required="false" tooltip="Character Field14" menu=""/&gt;
		&lt;parameter id="Integer Field1" label="Integer Field1" required="false" tooltip="Integer Field1" menu=""/&gt;
		&lt;parameter id="Integer Field2" label="Integer Field2" required="false" tooltip="Integer Field2" menu=""/&gt;
		&lt;parameter id="Integer Field3" label="Integer Field3" required="false" tooltip="Integer Field3" menu=""/&gt;
		&lt;parameter id="Integer Field4" label="Integer Field4" required="false" tooltip="Integer Field4" menu=""/&gt;
		&lt;parameter id="Integer Field5" label="Integer Field5" required="false" tooltip="Integer Field5" menu=""/&gt;
		&lt;parameter id="Integer Field6" label="Integer Field6" required="false" tooltip="Integer Field6" menu=""/&gt;
		&lt;parameter id="Date Field1" label="Date Field1" required="false" tooltip="Date Field1" menu=""/&gt;
		&lt;parameter id="Date Field2" label="Date Field2" required="false" tooltip="Date Field2" menu=""/&gt;
		&lt;parameter id="Date Field3" label="Date Field3" required="false" tooltip="Date Field3" menu=""/&gt;
		&lt;parameter id="Date Field4" label="Date Field4" required="false" tooltip="Date Field4" menu=""/&gt;
		&lt;parameter id="Date Field5" label="Date Field5" required="false" tooltip="Date Field5" menu=""/&gt;
		&lt;parameter id="Date Field6" label="Date Field6" required="false" tooltip="Date Field6" menu=""/&gt;
		&lt;parameter id="Date Field7" label="Date Field7" required="false" tooltip="Date Field7" menu=""/&gt;
		&lt;parameter id="Date/Time Field1" label="Date/Time Field1" required="false" tooltip="Date/Time Field1" menu=""/&gt;
		&lt;parameter id="Date/Time Field2" label="Date/Time Field2" required="false" tooltip="Date/Time Field2" menu=""/&gt;
		&lt;parameter id="Date/Time Field3" label="Date/Time Field3" required="false" tooltip="Date/Time Field3" menu=""/&gt;
		&lt;parameter id="Date/Time Field4" label="Date/Time Field4" required="false" tooltip="Date/Time Field4" menu=""/&gt;
		&lt;parameter id="Date/Time Field5" label="Date/Time Field5" required="false" tooltip="Date/Time Field5" menu=""/&gt;
		&lt;parameter id="Date/Time Field6" label="Date/Time Field6" required="false" tooltip="Date/Time Field6" menu=""/&gt;
		&lt;parameter id="Date/Time Field7" label="Date/Time Field7" required="false" tooltip="Date/Time Field7" menu=""/&gt;
		&lt;parameter id="Time Field1" label="Time Field1" required="false" tooltip="Time Field1" menu=""/&gt;
		&lt;parameter id="Time Field2" label="Time Field2" required="false" tooltip="Time Field2" menu=""/&gt;
		&lt;parameter id="Time Field3" label="Time Field3" required="false" tooltip="Time Field3" menu=""/&gt;
		&lt;parameter id="Time Field4" label="Time Field4" required="false" tooltip="Time Field4" menu=""/&gt;
		&lt;parameter id="Time Field5" label="Time Field5" required="false" tooltip="Time Field5" menu=""/&gt;
		&lt;parameter id="Time Field6" label="Time Field6" required="false" tooltip="Time Field6" menu=""/&gt;
		&lt;parameter id="Time Field7" label="Time Field7" required="false" tooltip="Time Field7" menu=""/&gt;
    &lt;/parameters&gt;&lt;messages&gt;
        &lt;message type="Create"/&gt;
        &lt;message type="Update"/&gt;
        &lt;message type="Complete"/&gt;
      &lt;/messages&gt;
      &lt;dependents&gt;&lt;task type="Complete" label="No record found" value="@results['Look for existing notification recipient record']['Entry Id'].nil? || @results['Look for existing notification recipient record']['Entry Id']==&amp;quot;&amp;quot;"&gt;kinetic_helper_record_create_v2_6&lt;/task&gt;&lt;task type="Complete" label="Record found" value="!@results['Look for existing notification recipient record']['Entry Id'].nil? &amp;amp;&amp;amp; @results['Look for existing notification recipient record']['Entry Id']&amp;gt;&amp;quot;&amp;quot;"&gt;kinetic_helper_record_update_v2_8&lt;/task&gt;&lt;/dependents&gt;
    &lt;/task&gt;
      
        &lt;task name="Create recipient record" id="kinetic_helper_record_create_v2_6" definition_id="kinetic_helper_record_create_v2" x="659" y="178"&gt;
      &lt;version&gt;2&lt;/version&gt;
      &lt;configured&gt;true&lt;/configured&gt;
      &lt;defers&gt;false&lt;/defers&gt;
      &lt;deferrable&gt;false&lt;/deferrable&gt;
      &lt;visible&gt;false&lt;/visible&gt;
      &lt;parameters&gt;
		&lt;parameter id="SurveyInstanceID" label="SurveyInstanceID" required="false" tooltip="SurveyInstanceID" menu=""/&gt;
		&lt;parameter id="CustomerSurveyInstanceID" label="CustomerSurveyInstanceID" required="false" tooltip="CustomerSurveyInstanceID" menu=""/&gt;
		&lt;parameter id="Index Field1" label="Index Field1" required="false" tooltip="Index Field1" menu=""&gt;Notification Recipient&lt;/parameter&gt;
        &lt;parameter id="Index Field2" label="Index Field2" required="false" tooltip="Index Field2" menu=""&gt;&amp;lt;%=@answers['Notification Name']%&amp;gt;&lt;/parameter&gt;
        &lt;parameter id="Index Field3" label="Index Field3" required="false" tooltip="Index Field3" menu=""&gt;&amp;lt;%=@answers['Organization']%&amp;gt;&lt;/parameter&gt;
        &lt;parameter id="Character Field1" label="Character Field1" required="false" tooltip="Character Field1" menu=""&gt;&amp;lt;%=@answers['Recipient Type']%&amp;gt;&lt;/parameter&gt;
		&lt;parameter id="Character Field2" label="Character Field2" required="false" tooltip="Character Field2" menu=""&gt;&amp;lt;%=@answers['Language']%&amp;gt;&lt;/parameter&gt;
		&lt;parameter id="Character Field3" label="Character Field3" required="false" tooltip="Character Field3" menu=""/&gt;
		&lt;parameter id="Character Field4" label="Character Field4" required="false" tooltip="Character Field4" menu=""/&gt;
		&lt;parameter id="Character Field5" label="Character Field5" required="false" tooltip="Character Field5" menu=""/&gt;
		&lt;parameter id="Character Field6" label="Character Field6" required="false" tooltip="Character Field6" menu=""/&gt;
		&lt;parameter id="Character Field7" label="Character Field7" required="false" tooltip="Character Field7" menu=""/&gt;
		&lt;parameter id="Character Field8" label="Character Field8" required="false" tooltip="Character Field8" menu=""/&gt;
		&lt;parameter id="Character Field9" label="Character Field9" required="false" tooltip="Character Field9" menu=""/&gt;
		&lt;parameter id="Character Field10" label="Character Field10" required="false" tooltip="Character Field10" menu=""/&gt;
		&lt;parameter id="Character Field11" label="Character Field11" required="false" tooltip="Character Field11" menu=""/&gt;
		&lt;parameter id="Character Field12" label="Character Field12" required="false" tooltip="Character Field12" menu=""/&gt;
		&lt;parameter id="Character Field13" label="Character Field13" required="false" tooltip="Character Field13" menu=""&gt;&amp;lt;%=@answers['Recipient Value']%&amp;gt;&lt;/parameter&gt;
		&lt;parameter id="Character Field14" label="Character Field14" required="false" tooltip="Character Field14" menu=""/&gt;
		&lt;parameter id="Integer Field1" label="Integer Field1" required="false" tooltip="Integer Field1" menu=""/&gt;
		&lt;parameter id="Integer Field2" label="Integer Field2" required="false" tooltip="Integer Field2" menu=""/&gt;
		&lt;parameter id="Integer Field3" label="Integer Field3" required="false" tooltip="Integer Field3" menu=""/&gt;
		&lt;parameter id="Integer Field4" label="Integer Field4" required="false" tooltip="Integer Field4" menu=""/&gt;
		&lt;parameter id="Integer Field5" label="Integer Field5" required="false" tooltip="Integer Field5" menu=""/&gt;
		&lt;parameter id="Integer Field6" label="Integer Field6" required="false" tooltip="Integer Field6" menu=""/&gt;
		&lt;parameter id="Date Field1" label="Date Field1" required="false" tooltip="Date Field1" menu=""/&gt;
		&lt;parameter id="Date Field2" label="Date Field2" required="false" tooltip="Date Field2" menu=""/&gt;
		&lt;parameter id="Date Field3" label="Date Field3" required="false" tooltip="Date Field3" menu=""/&gt;
		&lt;parameter id="Date Field4" label="Date Field4" required="false" tooltip="Date Field4" menu=""/&gt;
		&lt;parameter id="Date Field5" label="Date Field5" required="false" tooltip="Date Field5" menu=""/&gt;
		&lt;parameter id="Date Field6" label="Date Field6" required="false" tooltip="Date Field6" menu=""/&gt;
		&lt;parameter id="Date Field7" label="Date Field7" required="false" tooltip="Date Field7" menu=""/&gt;
		&lt;parameter id="Date/Time Field1" label="Date/Time Field1" required="false" tooltip="Date/Time Field1" menu=""/&gt;
		&lt;parameter id="Date/Time Field2" label="Date/Time Field2" required="false" tooltip="Date/Time Field2" menu=""/&gt;
		&lt;parameter id="Date/Time Field3" label="Date/Time Field3" required="false" tooltip="Date/Time Field3" menu=""/&gt;
		&lt;parameter id="Date/Time Field4" label="Date/Time Field4" required="false" tooltip="Date/Time Field4" menu=""/&gt;
		&lt;parameter id="Date/Time Field5" label="Date/Time Field5" required="false" tooltip="Date/Time Field5" menu=""/&gt;
		&lt;parameter id="Date/Time Field6" label="Date/Time Field6" required="false" tooltip="Date/Time Field6" menu=""/&gt;
		&lt;parameter id="Date/Time Field7" label="Date/Time Field7" required="false" tooltip="Date/Time Field7" menu=""/&gt;
		&lt;parameter id="Time Field1" label="Time Field1" required="false" tooltip="Time Field1" menu=""/&gt;
		&lt;parameter id="Time Field2" label="Time Field2" required="false" tooltip="Time Field2" menu=""/&gt;
		&lt;parameter id="Time Field3" label="Time Field3" required="false" tooltip="Time Field3" menu=""/&gt;
		&lt;parameter id="Time Field4" label="Time Field4" required="false" tooltip="Time Field4" menu=""/&gt;
		&lt;parameter id="Time Field5" label="Time Field5" required="false" tooltip="Time Field5" menu=""/&gt;
		&lt;parameter id="Time Field6" label="Time Field6" required="false" tooltip="Time Field6" menu=""/&gt;
		&lt;parameter id="Time Field7" label="Time Field7" required="false" tooltip="Time Field7" menu=""/&gt;
    &lt;/parameters&gt;&lt;messages&gt;
        &lt;message type="Create"/&gt;
        &lt;message type="Update"/&gt;
        &lt;message type="Complete"/&gt;
      &lt;/messages&gt;
      &lt;dependents&gt;&lt;task type="Complete" label="" value=""&gt;system_join_v1_9&lt;/task&gt;&lt;/dependents&gt;
    &lt;/task&gt;
      
        
      
        &lt;task name="Update existing recipient record" id="kinetic_helper_record_update_v2_8" definition_id="kinetic_helper_record_update_v2" x="433" y="173"&gt;
      &lt;version&gt;2&lt;/version&gt;
      &lt;configured&gt;true&lt;/configured&gt;
      &lt;defers&gt;false&lt;/defers&gt;
      &lt;deferrable&gt;false&lt;/deferrable&gt;
      &lt;visible&gt;false&lt;/visible&gt;
      &lt;parameters&gt;
		&lt;parameter id="Request ID" label="Request ID" required="true" tooltip="Enter the Request ID, stored in Request ID of the KS_SRV_Helper form" menu=""&gt;&amp;lt;%=@results['Look for existing notification content records']['Entry Id']%&amp;gt;&lt;/parameter&gt;	
		&lt;parameter id="Status" label="Status" required="true" menu="Active,Inactive,Delete" tooltip="Enter the Request ID, stored in Request ID of the KS_SRV_Helper form"&gt;Active&lt;/parameter&gt;
		&lt;parameter id="SurveyInstanceID" label="SurveyInstanceID" required="false" tooltip="SurveyInstanceID" menu=""/&gt;
		&lt;parameter id="CustomerSurveyInstanceID" label="CustomerSurveyInstanceID" required="false" tooltip="CustomerSurveyInstanceID" menu=""/&gt;
		&lt;parameter id="Index Field1" label="Index Field1" required="false" tooltip="Index Field1" menu=""/&gt;
		&lt;parameter id="Index Field2" label="Index Field1" required="false" tooltip="Index Field2" menu=""/&gt;
		&lt;parameter id="Index Field3" label="Index Field1" required="false" tooltip="Index Field3" menu=""/&gt;
		&lt;parameter id="Character Field1" label="Character Field1" required="false" tooltip="Character Field1" menu=""&gt;&amp;lt;%=@answers['Recipient Type']%&amp;gt;&lt;/parameter&gt;
		&lt;parameter id="Character Field2" label="Character Field2" required="false" tooltip="Character Field2" menu=""/&gt;
		&lt;parameter id="Character Field3" label="Character Field3" required="false" tooltip="Character Field3" menu=""/&gt;
		&lt;parameter id="Character Field4" label="Character Field4" required="false" tooltip="Character Field4" menu=""/&gt;
		&lt;parameter id="Character Field5" label="Character Field5" required="false" tooltip="Character Field5" menu=""/&gt;
		&lt;parameter id="Character Field6" label="Character Field6" required="false" tooltip="Character Field6" menu=""/&gt;
		&lt;parameter id="Character Field7" label="Character Field7" required="false" tooltip="Character Field7" menu=""/&gt;
		&lt;parameter id="Character Field8" label="Character Field8" required="false" tooltip="Character Field8" menu=""/&gt;
		&lt;parameter id="Character Field9" label="Character Field9" required="false" tooltip="Character Field9" menu=""/&gt;
		&lt;parameter id="Character Field10" label="Character Field10" required="false" tooltip="Character Field10" menu=""/&gt;
		&lt;parameter id="Character Field11" label="Character Field11" required="false" tooltip="Character Field11" menu=""/&gt;
		&lt;parameter id="Character Field12" label="Character Field12" required="false" tooltip="Character Field12" menu=""/&gt;
		&lt;parameter id="Character Field13" label="Character Field13" required="false" tooltip="Character Field13" menu=""&gt;&amp;lt;%=@answers['Recipient Value']%&amp;gt;&lt;/parameter&gt;
		&lt;parameter id="Character Field14" label="Character Field14" required="false" tooltip="Character Field14" menu=""/&gt;
		&lt;parameter id="Integer Field1" label="Integer Field1" required="false" tooltip="Integer Field1" menu=""/&gt;
		&lt;parameter id="Integer Field2" label="Integer Field2" required="false" tooltip="Integer Field2" menu=""/&gt;
		&lt;parameter id="Integer Field3" label="Integer Field3" required="false" tooltip="Integer Field3" menu=""/&gt;
		&lt;parameter id="Integer Field4" label="Integer Field4" required="false" tooltip="Integer Field4" menu=""/&gt;
		&lt;parameter id="Integer Field5" label="Integer Field5" required="false" tooltip="Integer Field5" menu=""/&gt;
		&lt;parameter id="Integer Field6" label="Integer Field6" required="false" tooltip="Integer Field6" menu=""/&gt;
		&lt;parameter id="Date Field1" label="Date Field1" required="false" tooltip="Date Field1" menu=""/&gt;
		&lt;parameter id="Date Field2" label="Date Field2" required="false" tooltip="Date Field2" menu=""/&gt;
		&lt;parameter id="Date Field3" label="Date Field3" required="false" tooltip="Date Field3" menu=""/&gt;
		&lt;parameter id="Date Field4" label="Date Field4" required="false" tooltip="Date Field4" menu=""/&gt;
		&lt;parameter id="Date Field5" label="Date Field5" required="false" tooltip="Date Field5" menu=""/&gt;
		&lt;parameter id="Date Field6" label="Date Field6" required="false" tooltip="Date Field6" menu=""/&gt;
		&lt;parameter id="Date Field7" label="Date Field7" required="false" tooltip="Date Field7" menu=""/&gt;
		&lt;parameter id="Date/Time Field1" label="Date/Time Field1" required="false" tooltip="Date/Time Field1" menu=""/&gt;
		&lt;parameter id="Date/Time Field2" label="Date/Time Field2" required="false" tooltip="Date/Time Field2" menu=""/&gt;
		&lt;parameter id="Date/Time Field3" label="Date/Time Field3" required="false" tooltip="Date/Time Field3" menu=""/&gt;
		&lt;parameter id="Date/Time Field4" label="Date/Time Field4" required="false" tooltip="Date/Time Field4" menu=""/&gt;
		&lt;parameter id="Date/Time Field5" label="Date/Time Field5" required="false" tooltip="Date/Time Field5" menu=""/&gt;
		&lt;parameter id="Date/Time Field6" label="Date/Time Field6" required="false" tooltip="Date/Time Field6" menu=""/&gt;
		&lt;parameter id="Date/Time Field7" label="Date/Time Field7" required="false" tooltip="Date/Time Field7" menu=""/&gt;
		&lt;parameter id="Time Field1" label="Time Field1" required="false" tooltip="Time Field1" menu=""/&gt;
		&lt;parameter id="Time Field2" label="Time Field2" required="false" tooltip="Time Field2" menu=""/&gt;
		&lt;parameter id="Time Field3" label="Time Field3" required="false" tooltip="Time Field3" menu=""/&gt;
		&lt;parameter id="Time Field4" label="Time Field4" required="false" tooltip="Time Field4" menu=""/&gt;
		&lt;parameter id="Time Field5" label="Time Field5" required="false" tooltip="Time Field5" menu=""/&gt;
		&lt;parameter id="Time Field6" label="Time Field6" required="false" tooltip="Time Field6" menu=""/&gt;
		&lt;parameter id="Time Field7" label="Time Field7" required="false" tooltip="Time Field7" menu=""/&gt;
    &lt;/parameters&gt;&lt;messages&gt;
        &lt;message type="Create"/&gt;
        &lt;message type="Update"/&gt;
        &lt;message type="Complete"/&gt;
      &lt;/messages&gt;
      &lt;dependents&gt;&lt;task type="Complete" label="" value=""&gt;system_join_v1_9&lt;/task&gt;&lt;/dependents&gt;
    &lt;/task&gt;
      
        &lt;task name="Join: Recipient" id="system_join_v1_9" definition_id="system_join_v1" x="566.261348724365" y="302.196014404297"&gt;
      &lt;version&gt;1&lt;/version&gt;
      &lt;configured&gt;true&lt;/configured&gt;
      &lt;defers&gt;false&lt;/defers&gt;
      &lt;deferrable&gt;false&lt;/deferrable&gt;
      &lt;visible&gt;false&lt;/visible&gt;
      &lt;parameters&gt;
        &lt;parameter id="type" label="Type:" required="true" menu="All,Any,Some" tooltip="How many dependents must be completed before continuing?"&gt;Any&lt;/parameter&gt;
        &lt;parameter id="number" label="Number:" required="false" dependsOnId="type" dependsOnValue="Some" tooltip="If some, how many?" menu=""/&gt;
    &lt;/parameters&gt;&lt;messages&gt;
        &lt;message type="Create"/&gt;
        &lt;message type="Update"/&gt;
        &lt;message type="Complete"/&gt;
      &lt;/messages&gt;
      &lt;dependents&gt;&lt;task type="Complete" label="" value=""&gt;system_join_v1_11&lt;/task&gt;&lt;/dependents&gt;
    &lt;/task&gt;
      
        &lt;task name="Join: Content" id="system_join_v1_10" definition_id="system_join_v1" x="118.338069915771" y="325.678955078125"&gt;
      &lt;version&gt;1&lt;/version&gt;
      &lt;configured&gt;true&lt;/configured&gt;
      &lt;defers&gt;false&lt;/defers&gt;
      &lt;deferrable&gt;false&lt;/deferrable&gt;
      &lt;visible&gt;false&lt;/visible&gt;
      &lt;parameters&gt;
        &lt;parameter id="type" label="Type:" required="true" menu="All,Any,Some" tooltip="How many dependents must be completed before continuing?"&gt;Any&lt;/parameter&gt;
        &lt;parameter id="number" label="Number:" required="false" dependsOnId="type" dependsOnValue="Some" tooltip="If some, how many?" menu=""/&gt;
    &lt;/parameters&gt;&lt;messages&gt;
        &lt;message type="Create"/&gt;
        &lt;message type="Update"/&gt;
        &lt;message type="Complete"/&gt;
      &lt;/messages&gt;
      &lt;dependents&gt;&lt;task type="Complete" label="" value=""&gt;system_join_v1_11&lt;/task&gt;&lt;/dependents&gt;
    &lt;/task&gt;
      
        &lt;task name="Join" id="system_join_v1_11" definition_id="system_join_v1" x="360.426113128662" y="450.988647460938"&gt;
      &lt;version&gt;1&lt;/version&gt;
      &lt;configured&gt;true&lt;/configured&gt;
      &lt;defers&gt;false&lt;/defers&gt;
      &lt;deferrable&gt;false&lt;/deferrable&gt;
      &lt;visible&gt;false&lt;/visible&gt;
      &lt;parameters&gt;
        &lt;parameter id="type" label="Type:" required="true" menu="All,Any,Some" tooltip="How many dependents must be completed before continuing?"&gt;All&lt;/parameter&gt;
        &lt;parameter id="number" label="Number:" required="false" dependsOnId="type" dependsOnValue="Some" tooltip="If some, how many?" menu=""/&gt;
    &lt;/parameters&gt;&lt;messages&gt;
        &lt;message type="Create"/&gt;
        &lt;message type="Update"/&gt;
        &lt;message type="Complete"/&gt;
      &lt;/messages&gt;
      &lt;dependents&gt;&lt;task type="Complete" label="" value=""&gt;kinetic_request_submission_close_v1_13&lt;/task&gt;&lt;/dependents&gt;
    &lt;/task&gt;
      
        
      
        &lt;task name="Close" id="kinetic_request_submission_close_v1_13" definition_id="kinetic_request_submission_close_v1" x="367.624996185303" y="546.267028808594"&gt;
      &lt;version&gt;1&lt;/version&gt;
      &lt;configured&gt;true&lt;/configured&gt;
      &lt;defers&gt;false&lt;/defers&gt;
      &lt;deferrable&gt;false&lt;/deferrable&gt;
      &lt;visible&gt;false&lt;/visible&gt;
      &lt;parameters&gt;
        &lt;parameter id="validation_status" label="Validation Status:" required="true" tooltip="The value the Validation Status field on the specified Kinetic Request submission record will be set to." menu=""&gt;Completed&lt;/parameter&gt;
        &lt;parameter id="submission_id" label="Submission Id:" required="true" tooltip="The instance id of the Kinetic Request submission to be updated." menu=""&gt;&amp;lt;%=@base['CustomerSurveyInstanceId']%&amp;gt;&lt;/parameter&gt;
    &lt;/parameters&gt;&lt;messages&gt;
        &lt;message type="Create"/&gt;
        &lt;message type="Update"/&gt;
        &lt;message type="Complete"/&gt;
      &lt;/messages&gt;
      &lt;dependents/&gt;
    &lt;/task&gt;
      &lt;/request&gt;&lt;/taskTree&gt;</value></field_value><field_value id="8"><value>Kinetic Task Process Tree</value></field_value><field_value id="7"><value>0</value></field_value><field_value id="6"><value>1435040954</value></field_value><field_value id="5"><value>Demo</value></field_value><field_value id="4"/><field_value id="3"><value>1409882151</value></field_value><field_value id="700000999"><value>Complete</value></field_value><field_value id="2"><value>Demo</value></field_value><field_value id="1"><value>000000000009505</value></field_value></entry></instance></xform></arsystem_xml_report>