<?xml version="1.0" encoding="UTF-8"?>
<taskDefinition id="kinetic_request_attachment_retrieve" name="Kinetic Request Attachment Retrieve"
                schema_version="1.0" version="2">
    <author>support@kineticdata.com</author>
    <description>
        Retrieves the Attachment Contents
    </description>
    <helpurl></helpurl>
    <visible>true</visible>
    <deferrable>false</deferrable>
    <parameters>
        <parameter id="content_type" required="true" label="Content Type:" menu="Plain,Base64"
                   tooltip="The content type either plain text or base 64 encoded.">Plain</parameter>
        <parameter id="attachment_question_menu_label" required="false" label="Attachment Question Menu Label:"
                   tooltip="The menu label of an attachment question to retrieve an attachment from." />
		<parameter id="customer_survey_instance_id" required="true" label="Request Instance ID:"
                   tooltip="The instance ID of a request to retrieve an attachment from." />		
        <parameter id="survey_template_instance_id" required="true" label="Template Instance ID:"
                   tooltip="The instance ID of a template to retrieve an attachment from." />
    </parameters>
    <handler name="kinetic_request_attachment_retrieve" version="2">
        <infos>
            <info name="server">&lt;%= @info['server'] %&gt;</info>
            <info name="username">&lt;%= @info['username'] %&gt;</info>
            <info name="password">&lt;%= @info['password'] %&gt;</info>
            <info name="port">&lt;%= @info['port'] %&gt;</info>
            <info name="prognum">&lt;%= @info['prognum'] %&gt;</info>
            <info name="authentication">&lt;%= @info['authentication'] %&gt;</info>
            <info name="enable_debug_logging">&lt;%= @info['enable_debug_logging'] %&gt;</info>
        </infos>
        <parameters>
            <parameter name='customer_survey_instance_id'>&lt;%= @parameters['customer_survey_instance_id'] %&gt;</parameter>
            <parameter name='survey_template_instance_id'>&lt;%= @parameters['survey_template_instance_id'] %&gt;</parameter>
            <parameter name='content_type'>&lt;%= @parameters['content_type'] %&gt;</parameter>
            <parameter name='attachment_question_menu_label'>&lt;%= @parameters['attachment_question_menu_label'] %&gt;</parameter>
        </parameters>
        
    </handler>
    <results format="xml">
        <result name="Name"/>
        <result name="Size"/>
        <result name="Contents"/>
    </results>
</taskDefinition>
